Etunimi;Lukumäärä;;;
Juha;44 107;;;
Timo;43 450;;;
Matti;40 196;;;
Kari;38 695;;;
Mikko;37 932;;;
Jari;37 373;;;
Antti;36 838;;;
Mika;33 350;;;
Jukka;33 232;;;
Markku;31 731;;;
Pekka;30 603;;;
Hannu;28 733;;;
Heikki;27 560;;;
Janne;27 504;;;
Ari;26 438;;;
Sami;26 241;;;
Seppo;25 929;;;
Ville;25 769;;;
Marko;24 987;;;
Petri;23 948;;;
Jani;22 684;;;
Lauri;22 485;;;
Teemu;20 202;;;
Harri;19 459;;;
Erkki;19 339;;;
Jorma;18 887;;;
Pentti;18 322;;;
Jarmo;18 009;;;
Jussi;17 860;;;
Pasi;17 793;;;
Eero;17 717;;;
Jaakko;17 715;;;
Risto;17 172;;;
Juho;17 142;;;
Niko;16 926;;;
Toni;16 684;;;
Esa;16 416;;;
Raimo;16 376;;;
Jouni;16 352;;;
Arto;15 783;;;
Markus;15 782;;;
Aleksi;15 690;;;
Tomi;15 445;;;
Tuomas;15 401;;;
Pertti;15 214;;;
Vesa;14 971;;;
Olli;14 901;;;
Martti;14 676;;;
Reijo;14 626;;;
Kimmo;14 541;;;
Joni;14 512;;;
Tommi;14 314;;;
Jouko;14 144;;;
Veikko;13 928;;;
Tero;13 779;;;
Joonas;13 229;;;
Eetu;13 044;;;
Esko;12 939;;;
Leo;12 748;;;
Henri;12 718;;;
Elias;11 652;;;
Jarkko;11 225;;;
Kalle;11 189;;;
Jesse;11 108;;;
Ilkka;10 983;;;
Joona;10 886;;;
Eino;10 645;;;
Mikael;10 439;;;
Onni;10 178;;;
Tuomo;10 155;;;
Paavo;10 140;;;
Jere;9 990;;;
Pauli;9 915;;;
Matias;9 897;;;
Juuso;9 676;;;
Tapio;9 399;;;
Leevi;9 276;;;
Arttu;8 985;;;
Veli;8 784;;;
Joel;8 643;;;
Jyrki;8 532;;;
Simo;8 507;;;
Lasse;8 248;;;
Väinö;8 186;;;
Niklas;8 170;;;
Keijo;8 165;;;
Daniel;8 010;;;
Aki;7 967;;;
Riku;7 899;;;
Otto;7 872;;;
Kai;7 771;;;
Juhani;7 638;;;
Veeti;7 585;;;
Miika;7 487;;;
Toivo;7 467;;;
Niilo;7 365;;;
Jarno;7 275;;;
Oliver;7 256;;;
Valtteri;7 232;;;
Mauri;7 206;;;
Jan;7 016;;;
Rasmus;7 011;;;
Anton;6 442;;;
Roope;6 338;;;
Rauno;6 266;;;
Reino;6 153;;;
Kauko;6 140;;;
Emil;6 130;;;
Oskari;6 017;;;
Santeri;6 003;;;
Ossi;5 897;;;
Miro;5 795;;;
Teuvo;5 790;;;
Atte;5 774;;;
Samuel;5 737;;;
Anssi;5 696;;;
Ismo;5 693;;;
Olavi;5 672;;;
Aapo;5 655;;;
Aaro;5 618;;;
Vilho;5 577;;;
Samu;5 475;;;
Samuli;5 300;;;
Veijo;5 275;;;
Tuukka;5 196;;;
Julius;5 118;;;
Asko;5 066;;;
Eemeli;5 001;;;
Lassi;4 962;;;
Kim;4 902;;;
Osmo;4 859;;;
Konsta;4 698;;;
Tauno;4 627;;;
Roni;4 602;;;
Jimi;4 598;;;
Topi;4 588;;;
Akseli;4 506;;;
Kalevi;4 485;;;
Max;4 462;;;
Johan;4 455;;;
Eemil;4 390;;;
Eeli;4 362;;;
Alex;4 353;;;
Aatu;4 351;;;
Henrik;4 279;;;
Kasper;4 234;;;
Viljami;4 203;;;
Aimo;4 197;;;
Tatu;4 181;;;
Taisto;4 159;;;
Miikka;4 147;;;
Henry;4 143;;;
Vili;4 107;;;
Benjamin;4 102;;;
Erik;4 070;;;
Johannes;4 063;;;
Jyri;4 046;;;
Patrik;3 999;;;
Saku;3 936;;;
Karl;3 926;;;
Tarmo;3 920;;;
Tapani;3 914;;;
Aarne;3 870;;;
Yrjö;3 861;;;
Sakari;3 846;;;
Lenni;3 841;;;
Tom;3 815;;;
Oiva;3 779;;;
Mauno;3 768;;;
Viljo;3 750;;;
Sauli;3 639;;;
Eelis;3 630;;;
Hugo;3 616;;;
Ilpo;3 615;;;
Kristian;3 595;;;
Noel;3 539;;;
Ahti;3 503;;;
Rami;3 461;;;
Otso;3 456;;;
Topias;3 372;;;
Aaron;3 368;;;
Luka;3 361;;;
Kaj;3 343;;;
Kaarlo;3 341;;;
Miska;3 336;;;
Iiro;3 330;;;
Veli-Matti;3 330;;;
Peter;3 309;;;
Jonne;3 303;;;
Lars;3 271;;;
Sebastian;3 250;;;
Jami;3 148;;;
Alpo;3 140;;;
Juha-Pekka;3 121;;;
Pyry;3 117;;;
Nooa;3 096;;;
Sampo;3 080;;;
Arvo;3 016;;;
Alexander;2 990;;;
Unto;2 975;;;
Robert;2 968;;;
Nico;2 930;;;
Kyösti;2 917;;;
Jukka-Pekka;2 893;;;
Urho;2 837;;;
Tony;2 720;;;
Luukas;2 704;;;
Thomas;2 690;;;
Robin;2 680;;;
Teppo;2 673;;;
Miko;2 661;;;
Aatos;2 652;;;
Peetu;2 638;;;
Heimo;2 605;;;
Hans;2 590;;;
Aku;2 581;;;
Jasper;2 574;;;
Petteri;2 558;;;
Santtu;2 551;;;
Sulo;2 538;;;
Lucas;2 534;;;
Ilari;2 531;;;
Tomas;2 470;;;
Veikka;2 466;;;
Aulis;2 461;;;
Elmeri;2 456;;;
Alvar;2 427;;;
Lukas;2 425;;;
Leif;2 391;;;
Panu;2 364;;;
Perttu;2 363;;;
Aarni;2 311;;;
Carl;2 260;;;
Ilmari;2 240;;;
Veli-Pekka;2 237;;;
Jonas;2 204;;;
Nuutti;2 196;;;
Juha-Matti;2 188;;;
Oskar;2 188;;;
Olli-Pekka;2 135;;;
Harry;2 108;;;
John;2 098;;;
Kaapo;2 058;;;
Voitto;2 046;;;
Joonatan;1 988;;;
Christian;1 979;;;
Sisu;1 918;;;
Jooa;1 905;;;
Tino;1 904;;;
Luca;1 894;;;
Rainer;1 883;;;
Oscar;1 879;;;
Klaus;1 878;;;
Joakim;1 865;;;
Terho;1 861;;;
Frans;1 857;;;
Justus;1 829;;;
Kasperi;1 826;;;
Nils;1 822;;;
Urpo;1 822;;;
Paul;1 815;;;
Teijo;1 802;;;
Antero;1 796;;;
William;1 795;;;
Stefan;1 791;;;
Severi;1 787;;;
Axel;1 769;;;
Lari;1 767;;;
Hannes;1 760;;;
Milo;1 743;;;
Anders;1 739;;;
Reima;1 739;;;
Elmo;1 710;;;
Ali;1 699;;;
Eemi;1 687;;;
Jesper;1 683;;;
Tommy;1 662;;;
Aarno;1 655;;;
Ari-Pekka;1 605;;;
Manu;1 598;;;
Aarre;1 590;;;
Andreas;1 585;;;
Bengt;1 584;;;
Arvi;1 576;;;
Marcus;1 553;;;
Karri;1 552;;;
Edvin;1 548;;;
Martin;1 542;;;
Stig;1 489;;;
Erno;1 475;;;
Jerry;1 471;;;
Jori;1 466;;;
Kimi;1 463;;;
Vertti;1 443;;;
Rolf;1 431;;;
Felix;1 429;;;
Taneli;1 402;;;
Taavi;1 392;;;
Mats;1 390;;;
Touko;1 388;;;
Linus;1 378;;;
Timi;1 360;;;
Kevin;1 358;;;
Sven;1 351;;;
Kenneth;1 348;;;
Viktor;1 340;;;
Verneri;1 318;;;
Mohamed;1 314;;;
Patrick;1 314;;;
Jonathan;1 307;;;
Adam;1 302;;;
Simon;1 290;;;
Ralf;1 265;;;
Jari-Pekka;1 254;;;
Kurt;1 254;;;
Michael;1 247;;;
Jiri;1 246;;;
Leon;1 246;;;
Kalervo;1 239;;;
Tenho;1 226;;;
Mico;1 222;;;
Fredrik;1 219;;;
Björn;1 217;;;
Rauli;1 214;;;
Noah;1 206;;;
Eliel;1 199;;;
Casper;1 195;;;
Bo;1 140;;;
Juhana;1 136;;;
Per;1 136;;;
Tobias;1 135;;;
David;1 134;;;
Eerik;1 116;;;
Raine;1 111;;;
Iivo;1 095;;;
Niki;1 077;;;
Tuure;1 069;;;
Artturi;1 054;;;
Dan;1 050;;;
Kosti;1 017;;;
Mathias;1 016;;;
Ulf;1 014;;;
Magnus;998;;;
Sampsa;998;;;
Jan-Erik;993;;;
Liam;988;;;
Tiitus;983;;;
Heino;960;;;
Teo;957;;;
Victor;940;;;
Joose;930;;;
Albert;925;;;
Sasu;922;;;
Ville-Veikko;920;;;
Visa;920;;;
Jens;904;;;
Ahmed;902;;;
Erkka;901;;;
Ukko;898;;;
Elia;896;;;
Jalo;895;;;
Venni;892;;;
Christer;890;;;
Jose;883;;;
Niila;883;;;
Armas;880;;;
Iikka;878;;;
Gabriel;858;;;
Jeremias;851;;;
Allan;848;;;
Petrus;842;;;
Nikolas;836;;;
Okko;827;;;
Filip;825;;;
Antton;818;;;
Noa;818;;;
Auvo;816;;;
Taito;816;;;
Aamos;814;;;
Aleksanteri;814;;;
Kjell;811;;;
Roger;809;;;
Oula;801;;;
Ilmo;796;;;
Helge;791;;;
Krister;791;;;
Niclas;790;;;
Marco;779;;;
Rafael;779;;;
Paulus;774;;;
Valto;771;;;
Bror;761;;;
Jimmy;761;;;
Waltteri;759;;;
Iivari;757;;;
Jonatan;755;;;
Mio;751;;;
Alf;749;;;
Jussi-Pekka;747;;;
Vincent;747;;;
Vesa-Matti;746;;;
Jon;741;;;
Nicolas;733;;;
Altti;731;;;
Kaarle;720;;;
Amos;698;;;
Richard;698;;;
Isto;693;;;
Andrei;692;;;
Theo;692;;;
Eric;687;;;
Eevert;670;;;
Adrian;668;;;
Ilja;666;;;
Johnny;666;;;
Göran;664;;;
Roy;656;;;
Mark;635;;;
Turo;635;;;
Rene;632;;;
Jare;630;;;
Neo;628;;;
Isak;626;;;
Jarl;622;;;
Jim;622;;;
Börje;617;;;
Jonni;616;;;
Mohammad;614;;;
Dennis;609;;;
Nicholas;606;;;
Tim;606;;;
Ben;602;;;
Aron;596;;;
Atso;595;;;
Reko;577;;;
Christoffer;576;;;
Sam;574;;;
Jalmari;571;;;
Petja;571;;;
Hermanni;570;;;
Tor;569;;;
Torsti;565;;;
Walter;562;;;
Hemmo;557;;;
Miki;557;;;
Nikolai;556;;;
Frank;546;;;
Jasu;545;;;
Kaius;542;;;
Elliot;539;;;
Aapeli;537;;;
Elis;534;;;
Eppu;533;;;
Dani;531;;;
Omar;530;;;
Mohammed;523;;;
Pietari;520;;;
Vladimir;518;;;
Aleksandr;515;;;
Eljas;515;;;
Håkan;514;;;
Ville-Pekka;505;;;
Juri;500;;;
Aksel;498;;;
Aukusti;493;;;
Vesa-Pekka;491;;;
Mirko;488;;;
Bjarne;486;;;
Jaro;484;;;
Ensio;481;;;
Valter;478;;;
Arno;474;;;
Raino;474;;;
Ivan;473;;;
Muhammad;464;;;
Christopher;463;;;
Romeo;463;;;
Pekko;461;;;
Antti-Jussi;460;;;
Arne;458;;;
Ibrahim;458;;;
Sergei;449;;;
Åke;444;;;
Alvin;442;;;
Kauno;437;;;
Pontus;436;;;
Amir;430;;;
Arthur;430;;;
Elmer;428;;;
Kari-Pekka;425;;;
Gunnar;423;;;
Gustav;423;;;
Veini;423;;;
Antto;419;;;
Ruben;417;;;
Usko;417;;;
Guy;413;;;
Ronny;411;;;
Antti-Pekka;410;;;
Nicklas;408;;;
Nikita;408;;;
Arsi;405;;;
Artur;402;;;
Pavel;401;;;
Maxim;399;;;
Valo;398;;;
Mattias;394;;;
Einari;393;;;
Georg;393;;;
Sten;392;;;
Viljam;392;;;
Igor;390;;;
Alfred;389;;;
Jakob;388;;;
Samppa;387;;;
André;384;;;
Joa;384;;;
Nestori;384;;;
August;383;;;
Kent;383;;;
Arvid;382;;;
Into;381;;;
Bruno;379;;;
Mikke;376;;;
Abdirahman;374;;;
Roman;373;;;
Vilppu;373;;;
Turkka;371;;;
Albin;365;;;
Boris;363;;;
Joosua;363;;;
Kristoffer;363;;;
Ohto;361;;;
Osku;361;;;
Wilhelm;361;;;
Rune;360;;;
James;359;;;
Mustafa;359;;;
Nino;359;;;
Denis;352;;;
Wille;352;;;
Tage;351;;;
Aatto;347;;;
Philip;345;;;
Asmo;344;;;
Jonny;343;;;
Maximilian;339;;;
Manuel;338;;;
Van;338;;;
Ivar;337;;;
Edward;336;;;
Jacob;335;;;
Aleksei;334;;;
Aleksander;332;;;
Anttoni;331;;;
Evert;331;;;
Pietu;331;;;
Klas;328;;;
Aake;327;;;
Edwin;324;;;
Marius;321;;;
Alvari;316;;;
Karo;316;;;
Lennart;316;;;
Ahmad;315;;;
Eeti;315;;;
Kaspian;315;;;
Mitja;315;;;
Jack;314;;;
Ville-Petteri;314;;;
Iisak;313;;;
Kuisma;312;;;
Joshua;311;;;
Vihtori;311;;;
Matts;310;;;
Pete;310;;;
Abdullahi;309;;;
Miio;309;;;
Toimi;309;;;
Julian;308;;;
Maksim;307;;;
Herman;306;;;
Karim;306;;;
Kasimir;305;;;
Einar;304;;;
Uuno;304;;;
Dominic;301;;;
Herkko;300;;;
Aslak;299;;;
Jason;299;;;
Aleksis;296;;;
Edvard;296;;;
Jean;296;;;
Mikhail;296;;;
Svante;295;;;
Iisakki;291;;;
Melvin;291;;;
Ole;291;;;
Jake;289;;;
Ville-Matti;289;;;
Hannu-Pekka;288;;;
Totti;288;;;
Esa-Pekka;287;;;
Milton;287;;;
Jari-Matti;285;;;
Masi;285;;;
Oleg;285;;;
Konstantin;284;;;
Asser;283;;;
Erkko;282;;;
Petro;281;;;
Pirkka;281;;;
Ian;279;;;
Ove;279;;;
Soini;279;;;
Roland;276;;;
Verner;276;;;
Nikke;275;;;
Joachim;274;;;
Mertsi;274;;;
Hassan;273;;;
Ari-Matti;272;;;
Valde;272;;;
Benny;270;;;
Ted;270;;;
Jasse;268;;;
Jörgen;267;;;
Orvo;267;;;
Rony;266;;;
Rikhard;265;;;
Yusuf;265;;;
Anthony;263;;;
Jaani;263;;;
Anselmi;261;;;
Bernt;261;;;
Eddie;258;;;
Sune;258;;;
Dimitri;257;;;
Sergey;256;;;
Hussein;255;;;
Wiljami;255;;;
Petter;254;;;
Juho-Pekka;252;;;
Levi;252;;;
Kirill;250;;;
Andrey;249;;;
Jone;249;;;
Samir;249;;;
Jetro;248;;;
Per-Erik;248;;;
Timo-Pekka;247;;;
Pessi;246;;;
Wilmer;246;;;
Peik;245;;;
Renne;245;;;
Elian;242;;;
Maunu;242;;;
Wäinö;242;;;
Dmitri;241;;;
Olof;240;;;
Simeon;240;;;
Berndt;238;;;
Hamza;238;;;
Viggo;238;;;
Matthew;236;;;
Torsten;236;;;
Gösta;235;;;
Knut;235;;;
Alec;234;;;
Charles;234;;;
Immo;233;;;
Leonardo;233;;;
Dick;232;;;
Miiko;231;;;
Ernst;229;;;
Leonard;229;;;
Karl-Erik;228;;;
Antonio;227;;;
Casimir;226;;;
Kuutti;225;;;
Nemo;224;;;
Ronnie;224;;;
Jeremia;223;;;
Carlos;221;;;
Lars-Erik;221;;;
Anas;220;;;
Carl-Johan;219;;;
Kare;219;;;
Mårten;219;;;
Alexandre;217;;;
Ola;217;;;
Olli-Matti;217;;;
Isac;216;;;
Kerkko;215;;;
Jermu;214;;;
Liinus;214;;;
Mike;214;;;
Conny;212;;;
Olle;212;;;
Rico;212;;;
Daniil;210;;;
Raul;210;;;
Artem;209;;;
Said;209;;;
Birger;208;;;
Ismail;208;;;
Mehmet;208;;;
Staffan;207;;;
Joe;206;;;
Ville-Valtteri;206;;;
Kennet;204;;;
Jali;203;;;
Tore;203;;;
Jesperi;202;;;
Tristan;202;;;
Alexey;201;;;
Benjam;201;;;
Manne;200;;;
Frej;199;;;
Remu;199;;;
Andrew;198;;;
Dmitry;198;;;
Mihail;198;;;
Ami;197;;;
Abdullah;196;;;
Aappo;195;;;
Elja;195;;;
Hasan;195;;;
Niilas;195;;;
Valentin;194;;;
Jani-Petteri;193;;;
Jusa;192;;;
Glenn;191;;;
Jaska;191;;;
Hemmi;190;;;
Amin;189;;;
Kaino;189;;;
Ron;189;;;
Simo-Pekka;189;;;
Abdi;188;;;
Caj;188;;;
Kristo;187;;;
Leino;187;;;
Ossian;187;;;
Rudolf;187;;;
Sixten;187;;;
Fred;186;;;
Huugo;186;;;
Ingmar;185;;;
Sture;185;;;
Yngve;184;;;
Jarko;183;;;
Kauri;182;;;
Marc;182;;;
Vilhelm;182;;;
Khalid;181;;;
René;181;;;
Sören;181;;;
Zacharias;181;;;
Bertel;180;;;
Atro;179;;;
Cristian;179;;;
Micke;178;;;
Terno;178;;;
Colin;177;;;
Luke;177;;;
Mahamed;177;;;
Theodor;176;;;
Aati;175;;;
Alfons;175;;;
Joseph;175;;;
Lenny;175;;;
Milan;175;;;
Sami-Pekka;174;;;
Charlie;173;;;
Morris;173;;;
Miklas;172;;;
Uula;172;;;
Kari-Matti;171;;;
Ken;171;;;
Sami-Petteri;171;;;
Eikka;170;;;
Harald;170;;;
Ryan;170;;;
Titus;170;;;
Leonel;169;;;
Remi;168;;;
Aate;167;;;
Benjami;167;;;
Karl-Johan;167;;;
Vidar;166;;;
Thor;165;;;
Emir;164;;;
Jaajo;164;;;
Nathan;164;;;
Saska;164;;;
Elo;163;;;
Rickard;163;;;
Abdul;161;;;
Alexi;161;;;
Verne;161;;;
Aarto;160;;;
Matteus;160;;;
Muhammed;160;;;
Otava;160;;;
Folke;159;;;
Josef;159;;;
Werner;158;;;
Jan-Peter;157;;;
Lionel;157;;;
Valtti;157;;;
Valeri;156;;;
Miiro;155;;;
Sakke;155;;;
Elvin;153;;;
Ludvig;153;;;
Myrsky;153;;;
Vadim;153;;;
Gustaf;152;;;
Jani-Pekka;152;;;
Juho-Matti;152;;;
Vladislav;152;;;
Caspian;151;;;
Henrikki;151;;;
Holger;151;;;
Jero;151;;;
Jan-Mikael;150;;;
Torbjörn;150;;;
Alan;149;;;
Alpi;149;;;
Elton;149;;;
Hiski;149;;;
Juan;149;;;
Helmer;148;;;
Kusti;148;;;
Alexei;147;;;
Esa-Matti;147;;;
Rauni;147;;;
Risto-Matti;147;;;
Matteo;146;;;
Eeka;145;;;
Rufus;144;;;
Vinski;144;;;
Akusti;143;;;
Osman;143;;;
Saul;143;;;
Kosmo;142;;;
Niko-Petteri;142;;;
Ragnar;142;;;
Eevertti;141;;;
Zakaria;141;;;
Elvis;140;;;
Jiro;140;;;
Rayan;139;;;
Valle;139;;;
Vikke;139;;;
Alvi;138;;;
Jeremy;138;;;
Mohamad;138;;;
Miku;137;;;
Ahto;136;;;
Anttu;136;;;
Eduard;136;;;
Minh;136;;;
Wiljam;136;;;
Evan;135;;;
Mitro;135;;;
Tyko;135;;;
Jirka;134;;;
Karlo;134;;;
Misa;134;;;
Asla;133;;;
Jeri;133;;;
Juuse;133;;;
Sulevi;133;;;
Andre;132;;;
Bertil;132;;;
Bilal;132;;;
Emilio;132;;;
Evgeny;132;;;
George;132;;;
Janne-Pekka;132;;;
Jyry;132;;;
Dante;131;;;
Edgar;131;;;
Matti-Pekka;131;;;
Alexis;130;;;
Fabian;130;;;
Md.;130;;;
Micael;130;;;
Sammy;130;;;
Roberto;129;;;
Eliot;128;;;
Greger;128;;;
Ilyas;128;;;
Juha-Petri;128;;;
Kaj-Erik;128;;;
Luis;128;;;
Werneri;128;;;
Yasin;128;;;
Dylan;127;;;
Aale;126;;;
Clas;126;;;
Juhamatti;126;;;
Juska;125;;;
Roi;125;;;
Sean;125;;;
Per-Olof;124;;;
Ville-Markus;124;;;
Ethan;123;;;
Thanh;123;;;
Adnan;122;;;
Juha-Petteri;122;;;
Riku-Pekka;122;;;
Stanislav;122;;;
Tuisku;122;;;
Finn;121;;;
Rabbe;121;;;
Jaan;120;;;
Lemmy;119;;;
Mikko-Pekka;119;;;
Timothy;119;;;
Timur;119;;;
Claes;118;;;
Hampus;118;;;
Jasperi;117;;;
Kian;117;;;
Torolf;117;;;
Abel;116;;;
Kullervo;116;;;
Aleks;115;;;
Chris;115;;;
Curt;115;;;
Kustaa;115;;;
Tami;115;;;
Uljas;115;;;
Weeti;114;;;
Aksu;113;;;
Patric;113;;;
Anatoli;112;;;
Emre;112;;;
Jeremi;111;;;
Miguel;111;;;
Toomas;111;;;
Måns;110;;;
Sven-Erik;110;;;
Uolevi;110;;;
Jaako;109;;;
Jussi-Petteri;109;;;
Kristofer;109;;;
Pär;109;;;
Riki;109;;;
Silvo;109;;;
Deniz;108;;;
Jouka;108;;;
Matvei;108;;;
Valdemar;108;;;
Vitali;108;;;
Harto;107;;;
Mario;107;;;
Mateo;107;;;
Nuuti;107;;;
Mahdi;106;;;
Pedro;106;;;
Carlo;105;;;
Havu;105;;;
Milko;105;;;
Oliwer;105;;;
Raoul;105;;;
Rolle;105;;;
Bo-Erik;104;;;
Emmanuel;104;;;
Brian;103;;;
Huuko;103;;;
Jakke;103;;;
Rudi;103;;;
Auno;102;;;
Eerikki;102;;;
Eki;102;;;
Malte;102;;;
Mauritz;102;;;
Muhamed;102;;;
Sakarias;102;;;
Selim;102;;;
Isaac;101;;;
Jamiel;101;;;
Kalle-Pekka;101;;;
Md;101;;;
Riku-Petteri;101;;;
Steven;101;;;
Arimo;100;;;
Arman;100;;;
Asseri;100;;;
Leonid;100;;;
Eemu;99;;;
Jamal;99;;;
Jussa;99;;;
Marlo;99;;;
Nestor;99;;;
Taavetti;99;;;
Wilho;99;;;
Olav;98;;;
Pepe;98;;;
Stephen;98;;;
Valtter;98;;;
Vili-Valtteri;98;;;
Ilya;97;;;
Jan-Olof;97;;;
Keimo;97;;;
Kenny;97;;;
Mikki;97;;;
Yahya;97;;;
Dominik;96;;;
Mehdi;96;;;
Ricardo;96;;;
Veetu;96;;;
Abbas;95;;;
Diego;95;;;
Jan-Henrik;95;;;
Maximus;95;;;
Melker;95;;;
Nils-Erik;95;;;
Claus;94;;;
Malik;94;;;
Semi;94;;;
Tito;94;;;
Ture;94;;;
Abdulkadir;93;;;
Jerker;93;;;
Ray;93;;;
Ari-Jukka;92;;;
Jonah;92;;;
Matheo;92;;;
Nick;92;;;
Sameli;92;;;
Vilmer;92;;;
Carl-Erik;91;;;
Eero-Pekka;91;;;
Jamie;91;;;
Jerri;91;;;
Marlon;91;;;
Musa;91;;;
Niku;91;;;
Wili;91;;;
Alarik;90;;;
Elijah;90;;;
Jani-Matti;90;;;
Joni-Petteri;90;;;
José;90;;;
Louis;90;;;
Rio;90;;;
Teodor;90;;;
Aki-Petteri;89;;;
Emppu;89;;;
Kaspar;89;;;
Marek;89;;;
Ante;88;;;
Aston;88;;;
Josua;88;;;
Pieti;88;;;
Urmas;88;;;
Youssef;88;;;
Arian;87;;;
Dag;87;;;
Joni-Pekka;87;;;
Ruuben;87;;;
Damian;86;;;
Joacim;86;;;
Jona;86;;;
Joska;86;;;
Miron;86;;;
Winston;86;;;
Nelson;85;;;
Ruslan;85;;;
Imran;84;;;
Murat;84;;;
Ronald;84;;;
Totte;84;;;
Caius;83;;;
Jooel;83;;;
Michel;83;;;
Nicky;83;;;
Pablo;83;;;
Rurik;83;;;
Alessandro;82;;;
Matthias;82;;;
Reeti;82;;;
Reetu;82;;;
Runar;82;;;
Antti-Juhani;81;;;
Justin;81;;;
Sander;81;;;
Timmy;81;;;
Hamid;80;;;
Hans-Erik;80;;;
Ilia;80;;;
Jan-Kristian;80;;;
Lenne;80;;;
Nikolay;80;;;
Atlas;79;;;
Ayman;79;;;
Ekku;79;;;
Eskil;79;;;
Helmeri;79;;;
Ilias;79;;;
Jayden;79;;;
Mahad;79;;;
Mahmoud;79;;;
Mika-Petteri;79;;;
Morgan;79;;;
Pehr;79;;;
Quoc;79;;;
Renny;79;;;
Veli-Jussi;79;;;
Yahye;79;;;
Alexandros;78;;;
Egor;78;;;
Jordan;78;;;
Karlos;78;;;
Khaled;78;;;
Kuura;78;;;
Miikael;78;;;
Mikail;78;;;
Moritz;78;;;
Riko;78;;;
Taha;78;;;
Enzo;77;;;
Jan-Eric;77;;;
Mohamud;77;;;
Ralph;77;;;
Ahmet;76;;;
Akram;76;;;
Anthon;76;;;
Antti-Ville;76;;;
Duc;76;;;
Jokke;76;;;
Runo;76;;;
Aram;75;;;
Dmitrii;75;;;
Juho-Antti;75;;;
Jyri-Pekka;75;;;
Ludwig;75;;;
Mika-Petri;75;;;
Olli-Petteri;75;;;
Reh;75;;;
Uno;75;;;
Andres;74;;;
Ano;74;;;
Ere;74;;;
Hasse;74;;;
Junnu;74;;;
Lev;74;;;
Otto-Ville;74;;;
Raymond;74;;;
Stephan;74;;;
Andrea;73;;;
Emanuel;73;;;
Fjalar;73;;;
Melwin;73;;;
Sayed;73;;;
Tarvo;73;;;
Aabel;72;;;
Calle;72;;;
Carl-Gustav;72;;;
Hjalmar;72;;;
Jan-Markus;72;;;
Jerome;72;;;
Jirko;72;;;
Mici;72;;;
Miikkael;72;;;
Petr;72;;;
Robi;72;;;
Tahvo;72;;;
Viking;72;;;
Abdifatah;71;;;
Andy;71;;;
Damien;71;;;
Herbert;71;;;
Joar;71;;;
Mert;71;;;
Nabil;71;;;
Anwar;70;;;
Arnold;70;;;
Brandon;70;;;
Julle;70;;;
Marwan;70;;;
Mika-Matti;70;;;
Nikolaos;70;;;
Quang;70;;;
Riku-Matti;70;;;
Seemi;70;;;
Taimo;70;;;
Tero-Pekka;70;;;
Timofei;70;;;
Abdulrahman;69;;;
Franz;69;;;
Syed;69;;;
Anh;68;;;
Bert;68;;;
Georgios;68;;;
Harri-Pekka;68;;;
Jony;68;;;
Konrad;68;;;
Lennu;68;;;
Mostafa;68;;;
Sasha;68;;;
Hoang;67;;;
Ilppo;67;;;
Juho-Petteri;67;;;
Sven-Olof;67;;;
Yury;67;;;
Algot;66;;;
Amar;66;;;
Antte;66;;;
Ariel;66;;;
Aslan;66;;;
Ebbe;66;;;
Halti;66;;;
Idris;66;;;
Janne-Petteri;66;;;
Juhapekka;66;;;
Jukka-Matti;66;;;
Launo;66;;;
Masa;66;;;
Theodore;66;;;
Tomi-Pekka;66;;;
Darin;65;;;
Francisco;65;;;
Jussi-Matti;65;;;
Ramin;65;;;
Risto-Pekka;65;;;
Steve;65;;;
Zachary;65;;;
Aito;64;;;
Armin;64;;;
Cedric;64;;;
Josi;64;;;
Juno;64;;;
Karl-Gustav;64;;;
Kenth;64;;;
Marcel;64;;;
Mika-Pekka;64;;;
Vili-Petteri;64;;;
Aiden;63;;;
Danil;63;;;
Ingvar;63;;;
Ollipekka;63;;;
Serguei;63;;;
Vilhelmi;63;;;
Adil;62;;;
Alexandr;62;;;
Feetu;62;;;
Haidar;62;;;
Ilo;62;;;
Jan-Anders;62;;;
Jemi;62;;;
Jukka-Petteri;62;;;
Kiril;62;;;
Lenna;62;;;
Mino;62;;;
Paolo;62;;;
Ayub;61;;;
Ernest;61;;;
Johann;61;;;
Lalli;61;;;
Robertino;61;;;
Seyed;61;;;
Veli-Jukka;61;;;
Willy;61;;;
Carl-Henrik;60;;;
Eugen;60;;;
Jaron;60;;;
Karel;60;;;
Ngoc;60;;;
Omer;60;;;
Pasi-Pekka;60;;;
Salomon;60;;;
Scott;60;;;
Adel;59;;;
Ammar;59;;;
Carl-Gustaf;59;;;
Eli;59;;;
Jymy;59;;;
Rikard;59;;;
Trygve;59;;;
Ukko-Pekka;59;;;
Velu;59;;;
Alberto;58;;;
Arho;58;;;
Cay;58;;;
Christofer;58;;;
Elof;58;;;
Francis;58;;;
Janne-Matti;58;;;
Jevgeni;58;;;
Jomi;58;;;
Keni;58;;;
Kunto;58;;;
Odin;58;;;
Pauno;58;;;
Reza;58;;;
Sipi;58;;;
Waldemar;58;;;
Adem;57;;;
Alek;57;;;
Danial;57;;;
Danny;57;;;
Eirik;57;;;
Jax;57;;;
Jooseppi;57;;;
Jore;57;;;
Jura;57;;;
Karl-Henrik;57;;;
Mikko-Petteri;57;;;
Nicke;57;;;
Saad;57;;;
Velimatti;57;;;
Viacheslav;57;;;
Ville-Oskari;57;;;
Antoni;56;;;
Diar;56;;;
Riiko;56;;;
Ömer;56;;;
Aidan;55;;;
Caspar;55;;;
Gleb;55;;;
Jari-Jukka;55;;;
Jorge;55;;;
Konstantinos;55;;;
Mahir;55;;;
Marcos;55;;;
Mustapha;55;;;
Nathaniel;55;;;
Ristomatti;55;;;
Sakariye;55;;;
Salomo;55;;;
Timo-Jaakko;55;;;
Troy;55;;;
Veli-Heikki;55;;;
Waltter;55;;;
Yousef;55;;;
Aapi;54;;;
Ayuub;54;;;
Jaakob;54;;;
Kamal;54;;;
Miilo;54;;;
Osma;54;;;
Aki-Pekka;53;;;
Azad;53;;;
Faisal;53;;;
Farhan;53;;;
Harun;53;;;
Rachid;53;;;
Ricky;53;;;
Salah;53;;;
Salman;53;;;
Ale;52;;;
Armo;52;;;
Atle;52;;;
Bill;52;;;
Glen;52;;;
Hadi;52;;;
Hilding;52;;;
Jari-Petteri;52;;;
Kaapro;52;;;
Liban;52;;;
Yousif;52;;;
Zakariya;52;;;
Anto;51;;;
Bastian;51;;;
Don;51;;;
Eeki;51;;;
Ermo;51;;;
Hussain;51;;;
Huu;51;;;
Miso;51;;;
Musab;51;;;
Niiles;51;;;
Nilo;51;;;
Noam;51;;;
Rinaldo;51;;;
Stig-Erik;51;;;
Toni-Pekka;51;;;
Tor-Erik;51;;;
Egil;50;;;
Emin;50;;;
Feeli;50;;;
Feliks;50;;;
Florian;50;;;
Georgi;50;;;
Jusu;50;;;
Oleksandr;50;;;
Omid;50;;;
Stepan;50;;;
Teddy;50;;;
Venne;50;;;
Aadam;49;;;
Baran;49;;;
Derek;49;;;
Fredric;49;;;
Isko;49;;;
Jasin;49;;;
Lars-Johan;49;;;
Markko;49;;;
Miran;49;;;
Raineri;49;;;
Walid;49;;;
Yasir;49;;;
Amadeus;48;;;
Artjom;48;;;
Arttur;48;;;
Dino;48;;;
Jan-Christian;48;;;
Lassi-Pekka;48;;;
Lion;48;;;
Owen;48;;;
Paulo;48;;;
Saku-Petteri;48;;;
Veli-Mikko;48;;;
Vesa-Heikki;48;;;
Ville-Matias;48;;;
Vitaly;48;;;
Yassin;48;;;
Andrej;47;;;
Artti;47;;;
Asad;47;;;
Daniele;47;;;
Devin;47;;;
Efe;47;;;
Hashim;47;;;
Iivar;47;;;
Ioannis;47;;;
Juha-Antti;47;;;
Kaleva;47;;;
Kasmir;47;;;
Milad;47;;;
Nasir;47;;;
Pietro;47;;;
Raphael;47;;;
Silas;47;;;
Stig-Olof;47;;;
Tarik;47;;;
Valentino;47;;;
Yunus;47;;;
Ate;46;;;
Carl-Magnus;46;;;
Farid;46;;;
Hanno;46;;;
Jaroslav;46;;;
Jedi;46;;;
Jeppe;46;;;
Kenan;46;;;
Paavali;46;;;
Remy;46;;;
Ridwan;46;;;
Saif;46;;;
Seeti;46;;;
Seth;46;;;
Valio;46;;;
Veli-Antti;46;;;
Birk;45;;;
Bogdan;45;;;
Darius;45;;;
Dion;45;;;
Evald;45;;;
Fahad;45;;;
Fedor;45;;;
Janek;45;;;
Khalil;45;;;
Nici;45;;;
Romi;45;;;
Sigurd;45;;;
Suleiman;45;;;
Toma;45;;;
Tomy;45;;;
Velipekka;45;;;
Younes;45;;;
Abdulahi;44;;;
Aras;44;;;
Arif;44;;;
Berat;44;;;
Bernhard;44;;;
Edi;44;;;
Francesco;44;;;
Hakan;44;;;
Joni-Matti;44;;;
Joosa;44;;;
Nikola;44;;;
Niko-Pekka;44;;;
Nolan;44;;;
Philippe;44;;;
Päivö;44;;;
Sammeli;44;;;
Siilas;44;;;
Stig-Göran;44;;;
Tuan;44;;;
Vaito;44;;;
Veli-Petteri;44;;;
Vieno;44;;;
Xuan;44;;;
Arda;43;;;
Fatih;43;;;
German;43;;;
Hakim;43;;;
Haris;43;;;
Hector;43;;;
Hong;43;;;
Jukkapekka;43;;;
Kristjan;43;;;
Remo;43;;;
Salim;43;;;
Stefano;43;;;
Sylvester;43;;;
Taro;43;;;
Torvald;43;;;
Valte;43;;;
Viki;43;;;
Vilgot;43;;;
Abdiaziz;42;;;
Antony;42;;;
Ari-Petteri;42;;;
Arni;42;;;
Arvin;42;;;
Bo-Göran;42;;;
Eetu-Petteri;42;;;
Farhad;42;;;
Fritz;42;;;
Hanad;42;;;
Hüseyin;42;;;
Jani-Petri;42;;;
Lari-Pekka;42;;;
Lippo;42;;;
Oke;42;;;
Per-Ole;42;;;
Sinan;42;;;
Sumu;42;;;
Viima;42;;;
Adiel;41;;;
Arlo;41;;;
Dimitrios;41;;;
Evgenii;41;;;
Ismael;41;;;
Jari-Petri;41;;;
Jaso;41;;;
Joeli;41;;;
Joosu;41;;;
Juha-Heikki;41;;;
Kirmo;41;;;
Leander;41;;;
Philipp;41;;;
Volter;41;;;
Wilton;41;;;
Yonis;41;;;
Aalto;40;;;
Abraham;40;;;
Aki-Matti;40;;;
Alireza;40;;;
Bashir;40;;;
Bror-Erik;40;;;
Can;40;;;
Chi;40;;;
Daavid;40;;;
Danila;40;;;
Dean;40;;;
Eliah;40;;;
Enes;40;;;
Erpo;40;;;
Freddy;40;;;
Jeremiah;40;;;
Joas;40;;;
Jopi;40;;;
Juhan;40;;;
Lamin;40;;;
Maxwell;40;;;
Misca;40;;;
Retu;40;;;
Saman;40;;;
Sante;40;;;
Terjo;40;;;
Toni-Petteri;40;;;
Untamo;40;;;
Vasili;40;;;
Veka;40;;;
Aare;39;;;
Angelo;39;;;
Aziz;39;;;
Conrad;39;;;
Dario;39;;;
El;39;;;
Filipp;39;;;
Gregory;39;;;
Iisko;39;;;
Ivo;39;;;
Jan-Ole;39;;;
Majid;39;;;
Marko-Tapio;39;;;
Miroslav;39;;;
Nima;39;;;
Nisse;39;;;
Paul-Erik;39;;;
Ronni;39;;;
Sippo;39;;;
Tien;39;;;
Vilko;39;;;
Aaretti;38;;;
Aari;38;;;
Abdel;38;;;
Aku-Petteri;38;;;
Alejandro;38;;;
Allu;38;;;
Arash;38;;;
Bryan;38;;;
Christos;38;;;
Cosmo;38;;;
Egon;38;;;
Evgeni;38;;;
Fernando;38;;;
Jeeli;38;;;
Jerkko;38;;;
Kai-Erik;38;;;
Lars-Olof;38;;;
Lauri-Pekka;38;;;
Lawrence;38;;;
Nicolai;38;;;
Ramses;38;;;
Rickhard;38;;;
Tarek;38;;;
The;38;;;
Tomi-Petteri;38;;;
Trong;38;;;
Veerti;38;;;
Aaku;37;;;
Abbe;37;;;
Abdallah;37;;;
Abdinasir;37;;;
Abubakar;37;;;
Aro;37;;;
Aryan;37;;;
Dave;37;;;
Eilo;37;;;
Ezra;37;;;
Frederick;37;;;
Gary;37;;;
Hendrik;37;;;
Jalmar;37;;;
Jamil;37;;;
Jan-Eerik;37;;;
Janiel;37;;;
Josia;37;;;
Léo;37;;;
Lorenzo;37;;;
Miitri;37;;;
Misha;37;;;
Onni-Pekka;37;;;
Pasi-Petteri;37;;;
Rodi;37;;;
Tatu-Pekka;37;;;
Théo;37;;;
Tico;37;;;
Umar;37;;;
Valery;37;;;
Ville-Mikko;37;;;
Yoonis;37;;;
Alaa;36;;;
Arttu-Pekka;36;;;
Donald;36;;;
Eepi;36;;;
Eetu-Pekka;36;;;
Gert;36;;;
Grigori;36;;;
Göte;36;;;
Halil;36;;;
Hannu-Matti;36;;;
Imad;36;;;
Jaime;36;;;
Javier;36;;;
Jay;36;;;
Jouna;36;;;
Juha-Mikko;36;;;
Jules;36;;;
Keith;36;;;
Larry;36;;;
Love;36;;;
Marvin;36;;;
Mikko-Matti;36;;;
Mikko-Ville;36;;;
Sonny;36;;;
Veli-Markku;36;;;
Abdirashid;35;;;
Andi;35;;;
Antti-Matti;35;;;
Benyamin;35;;;
Claudio;35;;;
Erol;35;;;
Frey;35;;;
Fuad;35;;;
Habib;35;;;
Haider;35;;;
Henning;35;;;
Kadir;35;;;
Lars-Göran;35;;;
Mahamud;35;;;
Niels;35;;;
Onur;35;;;
Rino;35;;;
Roine;35;;;
Samy;35;;;
Santiago;35;;;
Setti;35;;;
Vito;35;;;
Willem;35;;;
Aden;34;;;
Ake;34;;;
Alessio;34;;;
Aydin;34;;;
Billy;34;;;
Calvin;34;;;
Cameron;34;;;
Dan-Erik;34;;;
Elliott;34;;;
Eren;34;;;
Jackson;34;;;
Jeffrey;34;;;
John-Erik;34;;;
Jüri;34;;;
Kajo;34;;;
Karrar;34;;;
Louie;34;;;
Mikko-Matias;34;;;
Miles;34;;;
Mortti;34;;;
Olli-Heikki;34;;;
Osvald;34;;;
Prince;34;;;
Reidar;34;;;
Samu-Petteri;34;;;
Solomon;34;;;
Uki;34;;;
Abdirisak;33;;;
Aku-Pekka;33;;;
Ari-Juhani;33;;;
Bernard;33;;;
Bob;33;;;
Brahim;33;;;
Carl-Eric;33;;;
Damir;33;;;
Eben;33;;;
Georgij;33;;;
Jörn;33;;;
Kemal;33;;;
Kivi;33;;;
Logan;33;;;
Luqman;33;;;
Mainio;33;;;
Metin;33;;;
Milian;33;;;
Nilla;33;;;
Otto-Pekka;33;;;
Sigge;33;;;
Tan;33;;;
Tomás;33;;;
Vennu;33;;;
Aiman;32;;;
Ako;32;;;
Antti-Oskari;32;;;
Arseni;32;;;
Christoph;32;;;
Douglas;32;;;
Duy;32;;;
Enis;32;;;
Ensi;32;;;
Felipe;32;;;
Goran;32;;;
Hayder;32;;;
Hubert;32;;;
Ismet;32;;;
Jaki;32;;;
Jere-Petteri;32;;;
Juho-Ville;32;;;
Jürgen;32;;;
Kamil;32;;;
Kris;32;;;
Mirka;32;;;
Mitri;32;;;
Muisto;32;;;
Orhan;32;;;
Osama;32;;;
Paju;32;;;
Pate;32;;;
Pellervo;32;;;
Pierre;32;;;
Pyry-Petteri;32;;;
Remus;32;;;
Rudy;32;;;
Ruu;32;;;
Simopekka;32;;;
Ville-Juhani;32;;;
Wertti;32;;;
Zaid;32;;;
Zain;32;;;
Zakariye;32;;;
Abdirizak;31;;;
Abdurahman;31;;;
Abukar;31;;;
Cong;31;;;
Dmytro;31;;;
Erkan;31;;;
Fabio;31;;;
Faruk;31;;;
Gia;31;;;
Gideon;31;;;
Hamse;31;;;
Hans-Peter;31;;;
Husein;31;;;
Imraan;31;;;
Ingemar;31;;;
Janus;31;;;
Jared;31;;;
Jarre;31;;;
Juho-Heikki;31;;;
Juho-Matias;31;;;
Kari-Tapio;31;;;
Kay;31;;;
Mattis;31;;;
Mauro;31;;;
Maxime;31;;;
Miklos;31;;;
Milos;31;;;
Mohsen;31;;;
Mustafe;31;;;
Nalle;31;;;
Olli-Jussi;31;;;
Salmaan;31;;;
Samu-Pekka;31;;;
Stanley;31;;;
Vasily;31;;;
Veli-Juhani;31;;;
Viliam;31;;;
Vili-Veikko;31;;;
Villiam;31;;;
Walle;31;;;
Wiggo;31;;;
Abdirahim;30;;;
Alban;30;;;
Aldo;30;;;
Alwin;30;;;
Ardian;30;;;
Artin;30;;;
Eddy;30;;;
Edin;30;;;
Enver;30;;;
Ervin;30;;;
Federico;30;;;
Ferhat;30;;;
Heppu;30;;;
Jouni-Pekka;30;;;
Juha-Ville;30;;;
Jyri-Petteri;30;;;
Kaiku;30;;;
Karwan;30;;;
Lee;30;;;
Leimu;30;;;
Léon;30;;;
Liiban;30;;;
Matti-Juhani;30;;;
Misael;30;;;
Mubarak;30;;;
Naser;30;;;
Päiviö;30;;;
Ramazan;30;;;
Saarni;30;;;
Saeed;30;;;
Tor-Björn;30;;;
Viet;30;;;
Ville-Veikka;30;;;
Xavier;30;;;
Abdimalik;29;;;
Amer;29;;;
András;29;;;
Antoine;29;;;
Aripekka;29;;;
Arjo;29;;;
Dahir;29;;;
Dana;29;;;
Eduardo;29;;;
Enrico;29;;;
Ensar;29;;;
Fidel;29;;;
Janos;29;;;
Johny;29;;;
Juha-Markus;29;;;
Jusuf;29;;;
Kaappo;29;;;
Kalle-Petteri;29;;;
Karam;29;;;
Kyle;29;;;
Larri;29;;;
Le;29;;;
Micah;29;;;
Mir;29;;;
Moses;29;;;
Nikolaj;29;;;
Nuno;29;;;
Oki;29;;;
Olivier;29;;;
Peeter;29;;;
Petros;29;;;
Pyry-Pekka;29;;;
Rahim;29;;;
Rashid;29;;;
Shahin;29;;;
Simeoni;29;;;
Tani;29;;;
Ville-Eemeli;29;;;
Wincent;29;;;
Yannick;29;;;
Östen;29;;;
Abdelaziz;28;;;
Ailo;28;;;
Ajan;28;;;
Aleksandar;28;;;
Amiir;28;;;
Anatoly;28;;;
Andriy;28;;;
Anssi-Pekka;28;;;
Ara;28;;;
Attila;28;;;
Ayoub;28;;;
Connor;28;;;
Davin;28;;;
Eeri;28;;;
Ehsan;28;;;
Elon;28;;;
Emiel;28;;;
Ernesti;28;;;
Espen;28;;;
Gennadi;28;;;
Gilbert;28;;;
Guido;28;;;
Hicham;28;;;
Iouri;28;;;
Irfan;28;;;
Jari-Juhani;28;;;
Jimmie;28;;;
Jussipekka;28;;;
Juuso-Petteri;28;;;
Koda;28;;;
Lauri-Matti;28;;;
Leopold;28;;;
Malek;28;;;
Mason;28;;;
Mergim;28;;;
Nathanael;28;;;
Neil;28;;;
Nur;28;;;
Rane;28;;;
Rian;28;;;
Rohan;28;;;
Saku-Pekka;28;;;
Saleh;28;;;
Sami-Petri;28;;;
Sigvard;28;;;
Tord;28;;;
Ukri;28;;;
Varma;28;;;
Vesa-Petteri;28;;;
Abdulla;27;;;
Abdurrahman;27;;;
Albion;27;;;
Antti-Veikko;27;;;
Arin;27;;;
Austin;27;;;
Burhan;27;;;
Caleb;27;;;
Fadi;27;;;
Faysal;27;;;
Furkan;27;;;
Hamed;27;;;
Harrison;27;;;
Heikki-Pekka;27;;;
Hessu;27;;;
Hossein;27;;;
Iippo;27;;;
Jeemi;27;;;
Joosef;27;;;
Jori-Pekka;27;;;
Kai-Markus;27;;;
Kalle-Matti;27;;;
Kari-Juhani;27;;;
Karolus;27;;;
Lars-Eric;27;;;
Lars-Henrik;27;;;
Loke;27;;;
Luan;27;;;
Margus;27;;;
Matvey;27;;;
Maurits;27;;;
Mick;27;;;
Mirco;27;;;
Muad;27;;;
Nikko;27;;;
Peeti;27;;;
Ramon;27;;;
Sacha;27;;;
Sasa;27;;;
Thien;27;;;
Tomasz;27;;;
Veeti-Valtteri;27;;;
Vesa-Jukka;27;;;
Ville-Antti;27;;;
Vinh;27;;;
Yan;27;;;
Ylermi;27;;;
Abdirisaq;26;;;
Abu;26;;;
Alain;26;;;
Alve;26;;;
Amine;26;;;
Cedrik;26;;;
Eero-Matti;26;;;
Emran;26;;;
Erfan;26;;;
Ernesto;26;;;
Ervo;26;;;
Fatmir;26;;;
Gholam;26;;;
Hamsa;26;;;
Hartti;26;;;
Henri-Pekka;26;;;
Jani-Markus;26;;;
Joni-Markus;26;;;
Jooas;26;;;
Joonas-Petteri;26;;;
Kasim;26;;;
Kouta;26;;;
Leo-Pekka;26;;;
Lorenz;26;;;
Maher;26;;;
Michal;26;;;
Mooses;26;;;
Muhsin;26;;;
Nuur;26;;;
Oma;26;;;
Pasi-Matti;26;;;
Pekka-Juhani;26;;;
Rick;26;;;
River;26;;;
Roomeo;26;;;
Samson;26;;;
Sandro;26;;;
Sebastien;26;;;
Sébastien;26;;;
Serhat;26;;;
Siimon;26;;;
Tanu;26;;;
Terry;26;;;
Timofey;26;;;
Tyler;26;;;
Viatcheslav;26;;;
Ville-Heikki;26;;;
Ville-Joonas;26;;;
Ville-Samuli;26;;;
Vitalii;26;;;
Voima;26;;;
Yosef;26;;;
Yuusuf;26;;;
Zana;26;;;
Abdiqani;25;;;
Ailu;25;;;
Alper;25;;;
Andréas;25;;;
Aran;25;;;
Are;25;;;
Bekim;25;;;
Carolus;25;;;
Elwin;25;;;
Elyas;25;;;
Emmett;25;;;
Firas;25;;;
Fouad;25;;;
Frederik;25;;;
Gustavo;25;;;
Jaakko-Pekka;25;;;
Jakub;25;;;
Jethro;25;;;
Jun;25;;;
Jyri-Matti;25;;;
Kai-Kristian;25;;;
Kassu;25;;;
Kerim;25;;;
Kirka;25;;;
Koitto;25;;;
Lasse-Pekka;25;;;
Michail;25;;;
Michele;25;;;
Nasim;25;;;
Niko-Matti;25;;;
Nuka;25;;;
Olli-Veikko;25;;;
Peder;25;;;
Peitsa;25;;;
Ramzi;25;;;
Rebin;25;;;
Reda;25;;;
Rein;25;;;
Ronan;25;;;
Salar;25;;;
Salih;25;;;
Sami-Matti;25;;;
Semen;25;;;
Silver;25;;;
Sirius;25;;;
Thure;25;;;
Tom-Erik;25;;;
Tuovi;25;;;
Umut;25;;;
Valon;25;;;
Vu;25;;;
Wictor;25;;;
Wiljo;25;;;
Abdirahmaan;24;;;
Afrim;24;;;
Akira;24;;;
Alvaro;24;;;
Antti-Petteri;24;;;
Armend;24;;;
Asa;24;;;
Besnik;24;;;
Björn-Erik;24;;;
Dage;24;;;
Dexter;24;;;
Dmitrij;24;;;
Elion;24;;;
Emad;24;;;
Emerik;24;;;
Evgueni;24;;;
Ewan;24;;;
Freddie;24;;;
Georgy;24;;;
Gerald;24;;;
Giuseppe;24;;;
Hektor;24;;;
Hemi;24;;;
Imre;24;;;
Jama;24;;;
Janrik;24;;;
Jarto;24;;;
Jegor;24;;;
Jerko;24;;;
Josa;24;;;
Juha-Tapio;24;;;
Juha-Veikko;24;;;
Juho-Jaakko;24;;;
Jukka-Tapio;24;;;
Julien;24;;;
Julio;24;;;
Kai-Mikael;24;;;
Kelvin;24;;;
Lenni-Kalle;24;;;
Leonidas;24;;;
Lino;24;;;
Mahmood;24;;;
Markos;24;;;
Massimo;24;;;
Meelis;24;;;
Mikkel;24;;;
Munasar;24;;;
Murad;24;;;
Nader;24;;;
Naim;24;;;
Nicolás;24;;;
Nikki;24;;;
Nikodemus;24;;;
Noureddine;24;;;
Onni-Oskari;24;;;
Ora;24;;;
Penna;24;;;
Per-Henrik;24;;;
Rani;24;;;
Riku-Ville;24;;;
Rodrigo;24;;;
Saabir;24;;;
Sani;24;;;
Sharif;24;;;
Soni;24;;;
Tariq;24;;;
Tero-Matti;24;;;
Tomek;24;;;
Trung;24;;;
Veli-Markus;24;;;
Vili-Pekka;24;;;
Ville-Waltteri;24;;;
Vjatseslav;24;;;
Yaasir;24;;;
Yassine;24;;;
Aape;23;;;
Aatami;23;;;
Abdalla;23;;;
Abdellah;23;;;
Alen;23;;;
Amadou;23;;;
Ares;23;;;
Ari-Jussi;23;;;
Astor;23;;;
Ba;23;;;
Bruce;23;;;
Bujar;23;;;
Danilo;23;;;
Darren;23;;;
Driss;23;;;
Ebrahim;23;;;
Ebrima;23;;;
Egzon;23;;;
Frans-Emil;23;;;
Gerhard;23;;;
Giovanni;23;;;
Hermann;23;;;
Iipo;23;;;
Jacques;23;;;
Janne-Juhani;23;;;
Jere-Pekka;23;;;
Jiko;23;;;
Jommi;23;;;
Jurij;23;;;
Jurkka;23;;;
Kaj-Olof;23;;;
Kilian;23;;;
Kim-Erik;23;;;
Leni;23;;;
Lowe;23;;;
Manfred;23;;;
Masud;23;;;
Matin;23;;;
Mica;23;;;
Mihkel;23;;;
Muhamad;23;;;
Nando;23;;;
Natan;23;;;
Nichlas;23;;;
Nour;23;;;
Sakri;23;;;
Samer;23;;;
Savva;23;;;
Sergio;23;;;
Serkan;23;;;
Soran;23;;;
Stefanos;23;;;
Tiko;23;;;
Timo-Juhani;23;;;
Touho;23;;;
Tryggve;23;;;
Walther;23;;;
Wilson;23;;;
Yasser;23;;;
Abdikarim;22;;;
Abdulaziz;22;;;
Abshir;22;;;
Adriano;22;;;
Almir;22;;;
Amjad;22;;;
Angel;22;;;
Antonios;22;;;
Antti-Eemeli;22;;;
Antti-Heikki;22;;;
Arben;22;;;
Ari-Heikki;22;;;
Ari-Petri;22;;;
Baris;22;;;
Carl-Axel;22;;;
Carl-Oscar;22;;;
Davide;22;;;
Demir;22;;;
Dilan;22;;;
Eetu-Oskari;22;;;
Efraim;22;;;
Emile;22;;;
Erick;22;;;
Feija;22;;;
Georgii;22;;;
Grigory;22;;;
Guled;22;;;
Henno;22;;;
Hisham;22;;;
Jalle;22;;;
Jaxon;22;;;
Jontte;22;;;
Josiah;22;;;
Kaan;22;;;
Khadar;22;;;
Leart;22;;;
Lias;22;;;
Liibaan;22;;;
Makar;22;;;
Maks;22;;;
Masoud;22;;;
Meo;22;;;
Mikel;22;;;
Muscab;22;;;
Nadir;22;;;
Nikolaus;22;;;
Niro;22;;;
Noar;22;;;
Olli-Juhani;22;;;
Raman;22;;;
Reini;22;;;
Reni;22;;;
Riad;22;;;
Robbie;22;;;
Sabah;22;;;
Salem;22;;;
Shawn;22;;;
Sulho;22;;;
Terje;22;;;
Tommie;22;;;
Veli-Ville;22;;;
Velmeri;22;;;
Velmu;22;;;
Vesa-Petri;22;;;
Weikka;22;;;
Yann;22;;;
Abderrahmane;21;;;
Abdihakim;21;;;
Adi;21;;;
Adolf;21;;;
Agim;21;;;
Aivar;21;;;
Aku-Matti;21;;;
Aldin;21;;;
Alexandru;21;;;
Alho;21;;;
Andrés;21;;;
Anselm;21;;;
Antreas;21;;;
Anuar;21;;;
Art;21;;;
Aso;21;;;
Axl;21;;;
Bengt-Erik;21;;;
Bülent;21;;;
Cai;21;;;
Constantin;21;;;
Dany;21;;;
Didrik;21;;;
Dominick;21;;;
Dorian;21;;;
Eden;21;;;
Georges;21;;;
Hai;21;;;
Hardy;21;;;
Helke;21;;;
Henkka;21;;;
Ilhan;21;;;
Indrek;21;;;
Isa;21;;;
István;21;;;
Jaanus;21;;;
Jafar;21;;;
Jan-Krister;21;;;
Jan-Ove;21;;;
Joan;21;;;
Joni-Petri;21;;;
Juhopekka;21;;;
Karl-Oskar;21;;;
Kuuno;21;;;
Lio;21;;;
Mart;21;;;
Maximillian;21;;;
Mete;21;;;
Muaad;21;;;
Mustaf;21;;;
Natanael;21;;;
Olaf;21;;;
Ossi-Pekka;21;;;
Ousman;21;;;
Petrik;21;;;
Rain;21;;;
Rebwar;21;;;
Rex;21;;;
Ringo;21;;;
Roobert;21;;;
Safet;21;;;
Sami-Jussi;21;;;
Sandor;21;;;
Sem;21;;;
Sharmarke;21;;;
Shayan;21;;;
Sointu;21;;;
Thommy;21;;;
Timoteus;21;;;
Upi;21;;;
Veino;21;;;
Veli-Petri;21;;;
Wiktor;21;;;
Yacine;21;;;
Yki;21;;;
Ziad;21;;;
Abdikadir;20;;;
Adan;20;;;
Adnaan;20;;;
Amit;20;;;
Anttijussi;20;;;
Artemi;20;;;
Atilla;20;;;
Bayram;20;;;
Besim;20;;;
Bilaal;20;;;
Bruuno;20;;;
Burak;20;;;
Carl-Christian;20;;;
Davi;20;;;
Demian;20;;;
Dinh;20;;;
Eeropekka;20;;;
Emrah;20;;;
Erland;20;;;
Farah;20;;;
Faris;20;;;
Gunder;20;;;
Haakon;20;;;
Hannu-Heikki;20;;;
Ilmar;20;;;
Immanuel;20;;;
Iurii;20;;;
Jalal;20;;;
Jami-Petteri;20;;;
Jarl-Erik;20;;;
Jiska;20;;;
Juko;20;;;
Kalle-Antti;20;;;
Kalle-Oskari;20;;;
Karl-Olof;20;;;
Kerem;20;;;
Kristopher;20;;;
Kurt-Erik;20;;;
Maahir;20;;;
Manh;20;;;
Marios;20;;;
Matti-Jussi;20;;;
Matti-Petteri;20;;;
Micky;20;;;
Miika-Matias;20;;;
Momodou;20;;;
Ollimatti;20;;;
Olli-Mikko;20;;;
Piotr;20;;;
Pirkka-Pekka;20;;;
Poju;20;;;
Raed;20;;;
Raikko;20;;;
Riccardo;20;;;
Rida;20;;;
Rinor;20;;;
Rocco;20;;;
Rodion;20;;;
Ropi;20;;;
Sami-Ville;20;;;
Sherif;20;;;
Sulaiman;20;;;
Sverre;20;;;
Tarkko;20;;;
Toby;20;;;
Urban;20;;;
Veli-Martti;20;;;
Vellu;20;;;
Vide;20;;;
Wael;20;;;
Waleed;20;;;
Zion;20;;;
Zoltán;20;;;
Abdiasis;19;;;
Ameer;19;;;
Amiin;19;;;
Andrii;19;;;
Andrus;19;;;
Anis;19;;;
Aren;19;;;
Arkan;19;;;
Carl-Olof;19;;;
Cody;19;;;
Eemel;19;;;
Eldar;19;;;
Elijas;19;;;
Ellis;19;;;
Esra;19;;;
Faton;19;;;
Fedja;19;;;
Finley;19;;;
Gael;19;;;
Gaius;19;;;
Gennady;19;;;
Ghulam;19;;;
Gökhan;19;;;
Haitham;19;;;
Hamze;19;;;
Hari;19;;;
Henric;19;;;
Ilkka-Kristian;19;;;
Iman;19;;;
Jakov;19;;;
Jan-Christer;19;;;
Jeff;19;;;
Jere-Matti;19;;;
Jesse-Petteri;19;;;
Jibril;19;;;
Jockum;19;;;
Juho-Oskari;19;;;
Jukka-Petri;19;;;
Kamran;19;;;
Kawa;19;;;
Lari-Matti;19;;;
Lars-Åke;19;;;
László;19;;;
Lewis;19;;;
Lorik;19;;;
Maksym;19;;;
Mansur;19;;;
Mehran;19;;;
Mesut;19;;;
Mihhail;19;;;
Mihka;19;;;
Mikko-Juhani;19;;;
Muhannad;19;;;
Mukhtar;19;;;
Noor;19;;;
Nova;19;;;
Panu-Petteri;19;;;
Pawel;19;;;
Pehr-Erik;19;;;
Per-Johan;19;;;
Renni;19;;;
Reuben;19;;;
Rion;19;;;
Rocky;19;;;
Roihu;19;;;
Safwan;19;;;
Sami-Jukka;19;;;
Samuele;19;;;
Seelim;19;;;
Seif;19;;;
Sirwan;19;;;
Thai;19;;;
Thiago;19;;;
Timo-Matti;19;;;
Tommaso;19;;;
Trevor;19;;;
Ugur;19;;;
Vesa-Ville;19;;;
Vili-Veikka;19;;;
Ville-Kalle;19;;;
Yuri;19;;;
Abas;18;;;
Abdelkader;18;;;
Abdishakur;18;;;
Ahvo;18;;;
Amon;18;;;
Antti-Jaakko;18;;;
Arhi;18;;;
Ari-Mikko;18;;;
Artan;18;;;
Artto;18;;;
Ata;18;;;
Benedict;18;;;
Besart;18;;;
Brage;18;;;
Carl-Mikael;18;;;
Caro;18;;;
Cem;18;;;
Cevin;18;;;
Crister;18;;;
Deon;18;;;
Eddi;18;;;
Enrique;18;;;
Enso;18;;;
Erwin;18;;;
Esapekka;18;;;
Esa-Petteri;18;;;
Farzad;18;;;
Félix;18;;;
Filippo;18;;;
Firat;18;;;
Franco;18;;;
Harold;18;;;
Heikki-Juhani;18;;;
Heinz;18;;;
Husam;18;;;
Ilir;18;;;
Ilyaas;18;;;
Israel;18;;;
Jaakko-Juhani;18;;;
Jaden;18;;;
Jan-Michael;18;;;
João;18;;;
Jonnie;18;;;
Joona-Petteri;18;;;
Jusef;18;;;
Juuso-Pekka;18;;;
Kaarne;18;;;
Kareem;18;;;
Lennox;18;;;
León;18;;;
Loui;18;;;
Mahmud;18;;;
Malcolm;18;;;
Marko-Tapani;18;;;
Mateus;18;;;
Matt;18;;;
Mirza;18;;;
Modou;18;;;
Morten;18;;;
Mubashir;18;;;
Nabeel;18;;;
Nael;18;;;
Najib;18;;;
Nhat;18;;;
Nils-Johan;18;;;
Olli-Ville;18;;;
Onni-Matti;18;;;
Péter;18;;;
Ram;18;;;
Ramadan;18;;;
Roan;18;;;
Rory;18;;;
Ross;18;;;
Semih;18;;;
Serdar;18;;;
Serge;18;;;
Stuart;18;;;
Tahir;18;;;
Tao;18;;;
Tiago;18;;;
Timitri;18;;;
Timjami;18;;;
Tyson;18;;;
Ulrik;18;;;
Usman;18;;;
Vedat;18;;;
Veli-Veikko;18;;;
Vesamatti;18;;;
Vitaliy;18;;;
Vyacheslav;18;;;
Wei;18;;;
Yaqub;18;;;
Yaroslav;18;;;
Yonatan;18;;;
Yousuf;18;;;
Zack;18;;;
Zakarias;18;;;
Zaki;18;;;
Abdulqadir;17;;;
Adrien;17;;;
Akim;17;;;
Anatolii;17;;;
Ansu;17;;;
Antti-Mikael;17;;;
Arham;17;;;
Arsenii;17;;;
Arseny;17;;;
Arton;17;;;
Ashraf;17;;;
Avni;17;;;
Babak;17;;;
Basil;17;;;
Beni;17;;;
Brendan;17;;;
Casmir;17;;;
Castor;17;;;
Cemal;17;;;
Christophe;17;;;
Cole;17;;;
Diyar;17;;;
Eelon;17;;;
Emel;17;;;
Ensti;17;;;
Fadil;17;;;
Feeliks;17;;;
Ferdinand;17;;;
Fredrick;17;;;
Geoffrey;17;;;
Hiwa;17;;;
Ilkka-Pekka;17;;;
Innocent;17;;;
Ioan;17;;;
Janis;17;;;
Jan-Åke;17;;;
Jaromir;17;;;
Jasmin;17;;;
Jere-Matias;17;;;
Juha-Jaakko;17;;;
Juho-Mikko;17;;;
Kai-Pekka;17;;;
Kai-Petteri;17;;;
Kari-Jukka;17;;;
Kari-Jussi;17;;;
Karl-Gustaf;17;;;
Khaalid;17;;;
Krishna;17;;;
Kåre;17;;;
Laith;17;;;
Lennon;17;;;
Lumi;17;;;
Mamadou;17;;;
Markku-Pekka;17;;;
Matte;17;;;
Mauricio;17;;;
Morteza;17;;;
Moussa;17;;;
Nali;17;;;
Nazar;17;;;
Niko-Petri;17;;;
Noé;17;;;
Oku;17;;;
Onni-Kalle;17;;;
Oska;17;;;
Per-Eric;17;;;
Per-Åke;17;;;
Platon;17;;;
Rami-Pekka;17;;;
Reimo;17;;;
Rodney;17;;;
Rostislav;17;;;
Sakaria;17;;;
Senad;17;;;
Tamás;17;;;
Tauri;17;;;
Teemu-Pekka;17;;;
Teemu-Petteri;17;;;
Tempo;17;;;
Thore;17;;;
Tommi-Petteri;17;;;
Toni-Markus;17;;;
Travis;17;;;
Tri;17;;;
Uwe;17;;;
Ville-Aleksi;17;;;
Ville-Jussi;17;;;
Vilmeri;17;;;
Vilpas;17;;;
Vladyslav;17;;;
Wilhelmi;17;;;
Wisam;17;;;
Wolf;17;;;
Xander;17;;;
Yakup;17;;;
Aapro;16;;;
Abdullaahi;16;;;
Adar;16;;;
Akam;16;;;
Akil;16;;;
Aleksej;16;;;
Aman;16;;;
Anil;16;;;
Anttipekka;16;;;
Aris;16;;;
Ari-Veikko;16;;;
Ari-Ville;16;;;
Armando;16;;;
Áron;16;;;
Ati;16;;;
Atri;16;;;
Ayad;16;;;
Bajram;16;;;
Bassam;16;;;
Blerim;16;;;
Cengiz;16;;;
Cian;16;;;
Danel;16;;;
Daud;16;;;
Denys;16;;;
Derrick;16;;;
Edmond;16;;;
Edmund;16;;;
Ekke;16;;;
Eliott;16;;;
Erkka-Pekka;16;;;
Evangelos;16;;;
Fitim;16;;;
Guillermo;16;;;
Hani;16;;;
Heinrich;16;;;
Hendry;16;;;
Huima;16;;;
Huy;16;;;
Ishak;16;;;
Iska;16;;;
Jarkko-Pekka;16;;;
Jesse-Joonas;16;;;
Jesse-Pekka;16;;;
Jesus;16;;;
Jeton;16;;;
Jico;16;;;
Jonte;16;;;
Juho-Kusti;16;;;
Juho-Tuomas;16;;;
Kalle-Eemeli;16;;;
Kalle-Ville;16;;;
Kami;16;;;
Kari-Petteri;16;;;
Kingsley;16;;;
Leif-Erik;16;;;
Lior;16;;;
Lyly;16;;;
Make;16;;;
Marat;16;;;
Marno;16;;;
Maxi;16;;;
Mickey;16;;;
Miiku;16;;;
Mikko-Oskari;16;;;
Miro-Matias;16;;;
Mirsad;16;;;
Morad;16;;;
Mourad;16;;;
Munir;16;;;
Muslim;16;;;
Nasser;16;;;
Navid;16;;;
Nipa;16;;;
Norman;16;;;
Pami;16;;;
Raphaël;16;;;
Rasul;16;;;
Roki;16;;;
Sabir;16;;;
Samu-Ville;16;;;
Semir;16;;;
Shane;16;;;
Shaun;16;;;
Siim;16;;;
Sina;16;;;
Soheil;16;;;
Suheyb;16;;;
Tiera;16;;;
Todd;16;;;
Tran;16;;;
Usama;16;;;
Veli-Valtteri;16;;;
Ville-Hermanni;16;;;
Ville-Vesa;16;;;
Vinha;16;;;
Väiski;16;;;
Wesley;16;;;
Wolfgang;16;;;
Yahia;16;;;
Yaser;16;;;
Yazan;16;;;
Zakari;16;;;
Zein;16;;;
Abd;15;;;
Abdisalam;15;;;
Abdulaahi;15;;;
Aku-Ville;15;;;
Aleksey;15;;;
Alfonso;15;;;
Alpertti;15;;;
Amel;15;;;
Amr;15;;;
Antonis;15;;;
Arbnor;15;;;
Arlind;15;;;
Arn;15;;;
Arsalan;15;;;
Arsenij;15;;;
Arto-Pekka;15;;;
Asaad;15;;;
Asher;15;;;
Augustin;15;;;
Ayhan;15;;;
Bahman;15;;;
Bakhtiar;15;;;
Björn-Olof;15;;;
Camilo;15;;;
Carsten;15;;;
Cooper;15;;;
Craig;15;;;
Cristiano;15;;;
Deni;15;;;
Dima;15;;;
Dmitriy;15;;;
Eeno;15;;;
Eino-Pekka;15;;;
Elio;15;;;
Emrik;15;;;
Erdal;15;;;
Erkki-Mikael;15;;;
Feodor;15;;;
Fikret;15;;;
Gabriele;15;;;
Hamzah;15;;;
Heikki-Matti;15;;;
Ion;15;;;
Issa;15;;;
Jad;15;;;
Jan-Magnus;15;;;
Jan-Patrik;15;;;
Jari-Antti;15;;;
Jari-Heikki;15;;;
Jerkka;15;;;
Jimmi;15;;;
Jocke;15;;;
Jude;15;;;
Juho-Kalle;15;;;
Junior;15;;;
Juusa;15;;;
Ka;15;;;
Kaj-Mikael;15;;;
Kale;15;;;
Kalle-Juhani;15;;;
Karl-Magnus;15;;;
Karol;15;;;
Kie;15;;;
Kieran;15;;;
Kjell-Erik;15;;;
Lare;15;;;
Lex;15;;;
Lorentz;15;;;
Luucas;15;;;
Luuka;15;;;
Mahmut;15;;;
Mansour;15;;;
Marian;15;;;
Marko-Juhani;15;;;
Mika-Juhani;15;;;
Murtada;15;;;
Nabiil;15;;;
Nicola;15;;;
Nikos;15;;;
Nils-Olof;15;;;
Nizar;15;;;
Norbert;15;;;
Onni-Eemeli;15;;;
Orion;15;;;
Paul-Henrik;15;;;
Per-Håkan;15;;;
Petu;15;;;
Rafik;15;;;
Randy;15;;;
Reine;15;;;
Ruska;15;;;
Saeid;15;;;
Salam;15;;;
Salvatore;15;;;
Sami-Antti;15;;;
Santino;15;;;
Sergiy;15;;;
Stavros;15;;;
Suleyman;15;;;
Sultan;15;;;
Sunny;15;;;
Talal;15;;;
Talha;15;;;
Tane;15;;;
Taoufik;15;;;
Tatu-Matti;15;;;
Till;15;;;
Timka;15;;;
Timo-Petteri;15;;;
Toni-Matti;15;;;
Toni-Petri;15;;;
Ulf-Erik;15;;;
Vahid;15;;;
Valerii;15;;;
Valeriy;15;;;
Vanja;15;;;
Veli-Hannu;15;;;
Viimo;15;;;
Villematti;15;;;
Ville-Pertti;15;;;
Volkan;15;;;
Volmari;15;;;
Vänni;15;;;
Wai;15;;;
Weikko;15;;;
Wihtori;15;;;
Ümit;15;;;
Yu;15;;;
Zeb;15;;;
Zubair;15;;;
Aadolf;14;;;
Abderrahim;14;;;
Abdillahi;14;;;
Abdukadir;14;;;
Agron;14;;;
Akif;14;;;
Alari;14;;;
Alexandro;14;;;
Alieu;14;;;
Alp;14;;;
Antti-Jukka;14;;;
Araz;14;;;
Arion;14;;;
Arsen;14;;;
Arun;14;;;
Arwid;14;;;
Aws;14;;;
Axu;14;;;
Barry;14;;;
Bedri;14;;;
Behzad;14;;;
Bekir;14;;;
Béla;14;;;
Benja;14;;;
Bernd;14;;;
Blake;14;;;
Bore;14;;;
Cao;14;;;
Cary;14;;;
Darian;14;;;
Edison;14;;;
Edon;14;;;
Eetvi;14;;;
Eliam;14;;;
Emiliano;14;;;
Enok;14;;;
Esaias;14;;;
Ewert;14;;;
Eyal;14;;;
Finlay;14;;;
Fionn;14;;;
Florent;14;;;
Geir;14;;;
Hans-Olof;14;;;
Haron;14;;;
Haroun;14;;;
Haydar;14;;;
Hayden;14;;;
Heimer;14;;;
Hemming;14;;;
Idiris;14;;;
Ihsan;14;;;
Iiro-Pekka;14;;;
Ilan;14;;;
Iljas;14;;;
Isaiah;14;;;
Jaafar;14;;;
Jani-Mikael;14;;;
Jarek;14;;;
Jari-Markus;14;;;
Jawad;14;;;
Jayson;14;;;
Jeriko;14;;;
Jino;14;;;
Joah;14;;;
Juho-Eemil;14;;;
Jörg;14;;;
Kai-Eerik;14;;;
Kaiho;14;;;
Kaleb;14;;;
Karzan;14;;;
Kert;14;;;
Khac;14;;;
Klas-Erik;14;;;
Klim;14;;;
Lahja;14;;;
Latif;14;;;
Leandro;14;;;
Leroy;14;;;
Masuud;14;;;
Mentor;14;;;
Miika-Markus;14;;;
Mischa;14;;;
Mojtaba;14;;;
Mykola;14;;;
Neeo;14;;;
Nguyen;14;;;
Nico-Petteri;14;;;
Nils-Göran;14;;;
Noe;14;;;
Noël;14;;;
Noeli;14;;;
Oktay;14;;;
Ollie;14;;;
Onni-Matias;14;;;
Ossi-Petteri;14;;;
Othman;14;;;
Otto-Oskari;14;;;
Panagiotis;14;;;
Per-Anders;14;;;
Phillip;14;;;
Piko;14;;;
Rahman;14;;;
Rahul;14;;;
Rai;14;;;
Repe;14;;;
Rieti;14;;;
Ronaldo;14;;;
Ruudolf;14;;;
Sadiq;14;;;
Saku-Matti;14;;;
Sead;14;;;
Shaho;14;;;
Shahram;14;;;
Sheikh;14;;;
Sid;14;;;
Simi;14;;;
Sofiane;14;;;
Solmu;14;;;
Syksy;14;;;
Taher;14;;;
Tam;14;;;
Tamer;14;;;
Tanel;14;;;
Taras;14;;;
Taru;14;;;
Teim;14;;;
Thorolf;14;;;
Timo-Jukka;14;;;
Timo-Tapio;14;;;
Tomer;14;;;
Troi;14;;;
Uoti;14;;;
Utu;14;;;
Uuras;14;;;
Valfrid;14;;;
Vasilij;14;;;
Veija;14;;;
Veli-Pentti;14;;;
Villeveikko;14;;;
Volodymyr;14;;;
Wenni;14;;;
Yilmaz;14;;;
Youcef;14;;;
Zoran;14;;;
Aavo;13;;;
Abdellatif;13;;;
Abdulkarim;13;;;
Aki-Jussi;13;;;
Akke;13;;;
Alon;13;;;
Altin;13;;;
Andrzej;13;;;
Antti-Mikko;13;;;
Arber;13;;;
Ario;13;;;
Arkadi;13;;;
Armand;13;;;
Arsim;13;;;
Arturo;13;;;
Ashkan;13;;;
Auku;13;;;
Ayaan;13;;;
Ayden;13;;;
Badr;13;;;
Barham;13;;;
Bashiir;13;;;
Bashkim;13;;;
Behar;13;;;
Carl-Fredrik;13;;;
Carl-Göran;13;;;
Clas-Göran;13;;;
Collin;13;;;
Conor;13;;;
Csaba;13;;;
Daan;13;;;
Damon;13;;;
Dan-Anders;13;;;
Deniel;13;;;
Deniss;13;;;
Desmond;13;;;
Dewin;13;;;
Dimi;13;;;
Dome;13;;;
Doni;13;;;
Edis;13;;;
Eemin;13;;;
Endrit;13;;;
Ercan;13;;;
Erich;13;;;
Erion;13;;;
Erkki-Pekka;13;;;
Esu;13;;;
Ezekiel;13;;;
Fahim;13;;;
Fehmi;13;;;
Ferenc;13;;;
Franklin;13;;;
Fredi;13;;;
Gavin;13;;;
Ghassan;13;;;
Hamdi;13;;;
Hansi;13;;;
Hardi;13;;;
Hung;13;;;
Ibraahim;13;;;
Ikenna;13;;;
Iko;13;;;
Immu;13;;;
Ingolf;13;;;
Ingvald;13;;;
Islam;13;;;
Isse;13;;;
Jahn;13;;;
Jan-Sebastian;13;;;
Jaripekka;13;;;
Jasim;13;;;
Jasir;13;;;
Joao;13;;;
Joël;13;;;
Joni-Mikael;13;;;
Jousia;13;;;
Jovan;13;;;
Jukka-Tapani;13;;;
Kastriot;13;;;
Kaveh;13;;;
Kosma;13;;;
Kristen;13;;;
Kristof;13;;;
Kushtrim;13;;;
Lars-Peter;13;;;
Ledion;13;;;
Leith;13;;;
Lennie;13;;;
Loris;13;;;
Lulzim;13;;;
Lumo;13;;;
Mano;13;;;
Margo;13;;;
Markku-Juhani;13;;;
Marwaan;13;;;
Mattia;13;;;
Matti-Mikael;13;;;
Merlin;13;;;
Merri;13;;;
Mickael;13;;;
Miclas;13;;;
Mika-Markus;13;;;
Mishka;13;;;
Mohanad;13;;;
Moustafa;13;;;
Muharrem;13;;;
Muniir;13;;;
Musse;13;;;
Nietos;13;;;
Otto-Emil;13;;;
Panu-Pekka;13;;;
Pavlos;13;;;
Penja;13;;;
Penjami;13;;;
Petar;13;;;
Pette;13;;;
Phoenix;13;;;
Phuoc;13;;;
Raiko;13;;;
Reittu;13;;;
Rejan;13;;;
Sabri;13;;;
Sadik;13;;;
Sajjad;13;;;
Saki;13;;;
Sameer;13;;;
Sándor;13;;;
Sanjay;13;;;
Sascha;13;;;
Sedat;13;;;
Shuaib;13;;;
Sigfrid;13;;;
Simo-Petteri;13;;;
Sinuhe;13;;;
Sipan;13;;;
Sohrab;13;;;
Suhaib;13;;;
Sverker;13;;;
Süleyman;13;;;
Taim;13;;;
Tate;13;;;
Terence;13;;;
Thorsten;13;;;
Timo-Jussi;13;;;
Tommo;13;;;
Toni-Mikael;13;;;
Topi-Matti;13;;;
Truong;13;;;
Tyrsky;13;;;
Veeli;13;;;
Veli-Tapio;13;;;
Vesa-Veikko;13;;;
Vicente;13;;;
Vili-Verneri;13;;;
Ville-Tapio;13;;;
Ville-Tuomas;13;;;
Virmo;13;;;
Walto;13;;;
Wasim;13;;;
Wilbert;13;;;
Wiliam;13;;;
Yaxye;13;;;
Yuriy;13;;;
Yusef;13;;;
Özgür;13;;;
Aarav;12;;;
Aaret;12;;;
Aato;12;;;
Abdoulie;12;;;
Adis;12;;;
Adrián;12;;;
Ajmal;12;;;
Aki-Petri;12;;;
Al;12;;;
Aleksandros;12;;;
Alf-Erik;12;;;
Alfie;12;;;
Alfredo;12;;;
Anes;12;;;
Anik;12;;;
Antti-Einari;12;;;
Antti-Tapio;12;;;
Ardit;12;;;
Arjan;12;;;
Armi;12;;;
Aurel;12;;;
Avi;12;;;
Axeli;12;;;
Bahram;12;;;
Bashar;12;;;
Binh;12;;;
Bobby;12;;;
Bradley;12;;;
Cajus;12;;;
Casey;12;;;
Cecil;12;;;
Cesar;12;;;
Davud;12;;;
Dimitar;12;;;
Dominique;12;;;
Drilon;12;;;
Ebenezer;12;;;
Edris;12;;;
Eelo;12;;;
Eetu-Matti;12;;;
Eetu-Ville;12;;;
Ege;12;;;
Eino-Juhani;12;;;
Ele;12;;;
Engin;12;;;
Erkki-Jussi;12;;;
Esa-Jussi;12;;;
Esteban;12;;;
Eugene;12;;;
Fatos;12;;;
Feelix;12;;;
Fidan;12;;;
Fride;12;;;
Gani;12;;;
Gerard;12;;;
Ghazi;12;;;
Gheorghe;12;;;
Gordon;12;;;
Granit;12;;;
Gregor;12;;;
Grels;12;;;
Halit;12;;;
Han;12;;;
Hans-Göran;12;;;
Hawkar;12;;;
Hedi;12;;;
Heiki;12;;;
Heikki-Tapio;12;;;
Henri-Mikael;12;;;
Hunter;12;;;
Ihab;12;;;
Illi;12;;;
Jaapo;12;;;
Janko;12;;;
Jann;12;;;
Janne-Markus;12;;;
Jannik;12;;;
Jannis;12;;;
Jari-Jussi;12;;;
Jari-Mikko;12;;;
Jari-Tapio;12;;;
Jauri;12;;;
Jelmeri;12;;;
Jimy;12;;;
Joannis;12;;;
Joni-Juhani;12;;;
Jonttu;12;;;
Joona-Pekka;12;;;
Joonia;12;;;
Joosia;12;;;
Josias;12;;;
Josse;12;;;
Juha-Markku;12;;;
Juha-Veli;12;;;
Jussi-Heikki;12;;;
Jussi-Mikko;12;;;
Kaamos;12;;;
Kai-Juhani;12;;;
Kaijus;12;;;
Kajus;12;;;
Kalle-Valtteri;12;;;
Kalle-Veikko;12;;;
Karipekka;12;;;
Karl-Anton;12;;;
Kebba;12;;;
Kelpo;12;;;
Kenzo;12;;;
Kien;12;;;
Kille;12;;;
Kiran;12;;;
Kiri;12;;;
Klas-Göran;12;;;
Lance;12;;;
Lars-Ole;12;;;
Lassi-Matti;12;;;
Laurent;12;;;
Liius;12;;;
Majed;12;;;
Marcello;12;;;
Mariwan;12;;;
Marko-Mikael;12;;;
Marko-Pekka;12;;;
Mascuud;12;;;
Mats-Erik;12;;;
Matthieu;12;;;
Matti-Esko;12;;;
Matts-Erik;12;;;
Mihku;12;;;
Miihkali;12;;;
Miljo;12;;;
Mitjo;12;;;
Muhamet;12;;;
Nic;12;;;
Nihat;12;;;
Obinna;12;;;
Okan;12;;;
Olli-Oskari;12;;;
Onni-Elmeri;12;;;
Otis;12;;;
Patu;12;;;
Pavlo;12;;;
Phi;12;;;
Pohto;12;;;
Raafael;12;;;
Raimond;12;;;
Raivo;12;;;
Rajan;12;;;
Ramesh;12;;;
Ramiar;12;;;
Ramiz;12;;;
Ransu;12;;;
Ravi;12;;;
Rikumatti;12;;;
Roel;12;;;
Roshan;12;;;
Rui;12;;;
Rupert;12;;;
Safin;12;;;
Sahin;12;;;
Sai;12;;;
Sajad;12;;;
Samo;12;;;
Serafim;12;;;
Sony;12;;;
Spencer;12;;;
Steffen;12;;;
Stellan;12;;;
Tareq;12;;;
Tero-Petteri;12;;;
Thorbjörn;12;;;
Timo-Tapani;12;;;
Tio;12;;;
Toive;12;;;
Toni-Kristian;12;;;
Toni-Tapio;12;;;
Udo;12;;;
Vassili;12;;;
Veli-Kalle;12;;;
Veli-Tapani;12;;;
Venneri;12;;;
Vesa-Tapio;12;;;
Ville-Sakari;12;;;
Vilperi;12;;;
Visa-Pekka;12;;;
Volmar;12;;;
Vsevolod;12;;;
Walde;12;;;
Walton;12;;;
Wilfred;12;;;
Yacquub;12;;;
Yoav;12;;;
Yoel;12;;;
Zakarie;12;;;
Abdelkarim;11;;;
Abdihamid;11;;;
Abdisamad;11;;;
Abdiwahab;11;;;
Abdiwali;11;;;
Abdiweli;11;;;
Abdoulaye;11;;;
Adham;11;;;
Admir;11;;;
Adriel;11;;;
Afshin;11;;;
Agon;11;;;
Aiham;11;;;
Alwar;11;;;
Amaar;11;;;
Amro;11;;;
Angus;11;;;
Anthonio;11;;;
Antti-Matias;11;;;
Apollo;11;;;
Armaan;11;;;
Arri;11;;;
Arslan;11;;;
Ashish;11;;;
Ashton;11;;;
Assar;11;;;
Atos;11;;;
Augusti;11;;;
Augustine;11;;;
Auro;11;;;
Awil;11;;;
Ayan;11;;;
Ayaz;11;;;
Azhar;11;;;
Bengt-Olof;11;;;
Bennet;11;;;
Berk;11;;;
Bjørn;11;;;
Claude;11;;;
Dai;11;;;
Dániel;11;;;
Dara;11;;;
Dardan;11;;;
Daris;11;;;
Dariush;11;;;
Dastan;11;;;
Davy;11;;;
Dawud;11;;;
Devran;11;;;
Driton;11;;;
Eelia;11;;;
Eh;11;;;
Ehab;11;;;
Ekrem;11;;;
Elvar;11;;;
Emeka;11;;;
Emmet;11;;;
Erasmus;11;;;
Erhan;11;;;
Erki;11;;;
Eron;11;;;
Esa-Petri;11;;;
Eymen;11;;;
Fares;11;;;
Fathi;11;;;
Fisnik;11;;;
Flynn;11;;;
Gazmend;11;;;
Gian;11;;;
Gianluca;11;;;
Grim;11;;;
Haci;11;;;
Halid;11;;;
Hao;11;;;
Harvey;11;;;
Horst;11;;;
Iisai;11;;;
Ila;11;;;
Jaakko-Matti;11;;;
Jamshid;11;;;
Jan-Martin;11;;;
Janno;11;;;
János;11;;;
Jan-Roger;11;;;
Jari-Veikko;11;;;
Jarkko-Juhani;11;;;
Jesse-Juhani;11;;;
Jon-Erik;11;;;
Joni-Kristian;11;;;
Joonathan;11;;;
Joopi;11;;;
Jori-Matti;11;;;
Jouni-Matti;11;;;
Juha-Erkki;11;;;
Juho-Erik;11;;;
Juhomatti;11;;;
Jupiter;11;;;
Jussi-Joonas;11;;;
Jyri-Petri;11;;;
Kai-Petri;11;;;
Kaj-Henrik;11;;;
Kambiz;11;;;
Kardo;11;;;
Karri-Pekka;11;;;
Kim-Henrik;11;;;
Kim-Johan;11;;;
Knuut;11;;;
Krish;11;;;
Krisse;11;;;
Krzysztof;11;;;
Lemmi;11;;;
Leo-Matti;11;;;
Lian;11;;;
Liekki;11;;;
Lloyd;11;;;
Lotfi;11;;;
Luc;11;;;
Lucius;11;;;
Luna;11;;;
Marcelo;11;;;
Marcin;11;;;
Mardin;11;;;
Marko-Petteri;11;;;
Maurice;11;;;
Mazen;11;;;
Mazin;11;;;
Melik;11;;;
Mies;11;;;
Mika-Erik;11;;;
Min;11;;;
Miro-Petteri;11;;;
Moise;11;;;
Mounir;11;;;
Muamer;11;;;
Naatan;11;;;
Nadeem;11;;;
Nam;11;;;
Nassim;11;;;
Nedim;11;;;
Nedzad;11;;;
Nhu;11;;;
Nio;11;;;
Olli-Antti;11;;;
Onni-Ilmari;11;;;
Orlando;11;;;
Oscari;11;;;
Ozan;11;;;
Pascal;11;;;
Pedram;11;;;
Pelle;11;;;
Per-Göran;11;;;
Phuc;11;;;
Pjotr;11;;;
Puro;11;;;
Pär-Erik;11;;;
Qasim;11;;;
Rando;11;;;
Rayen;11;;;
Reemus;11;;;
Rei;11;;;
Rémi;11;;;
Renas;11;;;
Renato;11;;;
Ridvan;11;;;
Ridwaan;11;;;
Roope-Oskari;11;;;
Rymy;11;;;
Saber;11;;;
Sahand;11;;;
Sahil;11;;;
Samet;11;;;
Samiir;11;;;
Sami-Kristian;11;;;
San;11;;;
Saveli;11;;;
Semmi;11;;;
Seve;11;;;
Shadi;11;;;
Shahid;11;;;
Shwan;11;;;
Sidar;11;;;
Sindre;11;;;
Skender;11;;;
Slava;11;;;
Sohaib;11;;;
Sohail;11;;;
Sten-Olof;11;;;
Storm;11;;;
Suheib;11;;;
Suman;11;;;
Sunday;11;;;
Sunil;11;;;
Suraj;11;;;
Sylvain;11;;;
Taave;11;;;
Taulant;11;;;
Tedi;11;;;
Teri;11;;;
Thord;11;;;
Thorvald;11;;;
Tijan;11;;;
Timo-Heikki;11;;;
Tonny;11;;;
Uchenna;11;;;
Valdo;11;;;
Veeni;11;;;
Veiko;11;;;
Veli-Erkki;11;;;
Veli-Jaakko;11;;;
Veniamin;11;;;
Verni;11;;;
Vesa-Antti;11;;;
Vexi;11;;;
Vilbert;11;;;
Ville-Mikael;11;;;
Villepekka;11;;;
Ville-Tapani;11;;;
Ville-Veli;11;;;
Vince;11;;;
Visa-Matti;11;;;
Visar;11;;;
Waldo;11;;;
Widar;11;;;
Will;11;;;
Wojciech;11;;;
Yigit;11;;;
Ykä;11;;;
Younis;11;;;
Zafer;11;;;
Zayn;11;;;
Zsolt;11;;;
Aadi;10;;;
Aapo-Matti;10;;;
Abdelghani;10;;;
Abdelhamid;10;;;
Abdelrahman;10;;;
Abdikani;10;;;
Aditya;10;;;
Adonis;10;;;
Áilu;10;;;
Ajdin;10;;;
Allen;10;;;
Alpha;10;;;
Antti-Olli;10;;;
Ari-Juha;10;;;
Arte;10;;;
Arttu-Eemeli;10;;;
Arttu-Oskari;10;;;
Asse;10;;;
Asto;10;;;
Astrit;10;;;
Atik;10;;;
Atte-Oskari;10;;;
Auri;10;;;
Aymen;10;;;
Bao;10;;;
Batu;10;;;
Behnam;10;;;
Belal;10;;;
Bile;10;;;
Bojan;10;;;
Buster;10;;;
Cemil;10;;;
Christo;10;;;
Collins;10;;;
Cyril;10;;;
Cyrus;10;;;
Dang;10;;;
Davood;10;;;
Declan;10;;;
Deepak;10;;;
Dejan;10;;;
Diako;10;;;
Didier;10;;;
Dimitris;10;;;
Dior;10;;;
Dirk;10;;;
Dogan;10;;;
Domenico;10;;;
Duncan;10;;;
Eemos;10;;;
Eero-Veikko;10;;;
Elisei;10;;;
Elmar;10;;;
Elmi;10;;;
Elmin;10;;;
Emmanuil;10;;;
Erdem;10;;;
Erdi;10;;;
Erko;10;;;
Erling;10;;;
Esam;10;;;
Esamatti;10;;;
Etienne;10;;;
Ewald;10;;;
Eyman;10;;;
Fahri;10;;;
Fardin;10;;;
Fenix;10;;;
Florim;10;;;
Fridolf;10;;;
Friedrich;10;;;
Giacomo;10;;;
Gil;10;;;
Giulio;10;;;
Gonzalo;10;;;
Grigorii;10;;;
Guennadi;10;;;
Hamidullah;10;;;
Hamish;10;;;
Hans-Christian;10;;;
Hans-Henrik;10;;;
Hany;10;;;
Harley;10;;;
Harro;10;;;
Heikki-Jussi;10;;;
Hemminki;10;;;
Henri-Matias;10;;;
Hunar;10;;;
Ike;10;;;
Iker;10;;;
Ilai;10;;;
Ile;10;;;
Ilian;10;;;
Ilija;10;;;
Inge;10;;;
Iyad;10;;;
Jaber;10;;;
Jace;10;;;
Jan-Emil;10;;;
Jan-Gustav;10;;;
Jan-Håkan;10;;;
Jani-Jukka;10;;;
Jani-Kristian;10;;;
Jari-Juha;10;;;
Jarimatti;10;;;
Jaroel;10;;;
Jasmo;10;;;
Javad;10;;;
Jehki;10;;;
Jesaja;10;;;
Jian;10;;;
Jihad;10;;;
Johan-Erik;10;;;
John-Eric;10;;;
Jones;10;;;
Jonne-Pekka;10;;;
Joona-Matias;10;;;
Jori-Petteri;10;;;
Josu;10;;;
Joy;10;;;
Juha-Mikael;10;;;
Juha-Pertti;10;;;
Juho-Aleksi;10;;;
Junno;10;;;
Jusse;10;;;
Jussi-Tuomas;10;;;
Jussi-Ville;10;;;
Jyrki-Pekka;10;;;
Kabir;10;;;
Kaimo;10;;;
Kais;10;;;
Kaito;10;;;
Kaj-Johan;10;;;
Kalid;10;;;
Kalle-Markus;10;;;
Kamu;10;;;
Karan;10;;;
Karar;10;;;
Kofi;10;;;
Kwame;10;;;
Kwok;10;;;
Labinot;10;;;
Lari-Petteri;10;;;
Lauri-Juhani;10;;;
Leone;10;;;
Leonhard;10;;;
Liridon;10;;;
Loimu;10;;;
Luigi;10;;;
Luiz;10;;;
Luqmaan;10;;;
Malick;10;;;
Manoj;10;;;
Mara;10;;;
Marcell;10;;;
Master;10;;;
Matheus;10;;;
Matti-Tapio;10;;;
Maximiliam;10;;;
Mertzi;10;;;
Mickel;10;;;
Mihai;10;;;
Miika-Matti;10;;;
Miikka-Matias;10;;;
Mika-Tapio;10;;;
Mikko-Jussi;10;;;
Mirwais;10;;;
Mokhtar;10;;;
Mortaza;10;;;
Mose;10;;;
Mouhamed;10;;;
Mubarik;10;;;
Mucaad;10;;;
Muhanad;10;;;
Nadim;10;;;
Nana;10;;;
Nataniel;10;;;
Nero;10;;;
Nickolas;10;;;
Nicolae;10;;;
Niko-Markus;10;;;
Niko-Ville;10;;;
Nooke;10;;;
Nuh;10;;;
Nuuk;10;;;
Okke;10;;;
Oliveri;10;;;
Olov;10;;;
Oswald;10;;;
Otto-Eemeli;10;;;
Pa;10;;;
Parviz;10;;;
Peetro;10;;;
Petri-Juhani;10;;;
Petri-Mikael;10;;;
Quinn;10;;;
Raad;10;;;
Rafi;10;;;
Raid;10;;;
Raikas;10;;;
Rama;10;;;
Rasim;10;;;
Rebaz;10;;;
Recep;10;;;
Remzi;10;;;
Renat;10;;;
Reo;10;;;
Reto;10;;;
Rey;10;;;
Riho;10;;;
Riley;10;;;
Rodin;10;;;
Roopert;10;;;
Rron;10;;;
Ryszard;10;;;
Saikou;10;;;
Samatar;10;;;
Samba;10;;;
Samueli;10;;;
Santtu-Pekka;10;;;
Sardar;10;;;
Sarmad;10;;;
Saulus;10;;;
Seán;10;;;
Sere;10;;;
Sergii;10;;;
Set;10;;;
Shahzad;10;;;
Sharmake;10;;;
Siavash;10;;;
Simo-Heikki;10;;;
Stian;10;;;
Sulayman;10;;;
Sven-Eric;10;;;
Tamim;10;;;
Tapsa;10;;;
Tero-Tapio;10;;;
Tex;10;;;
Tian;10;;;
Tomi-Matti;10;;;
Tommi-Pekka;10;;;
Tomppa;10;;;
Topi-Pekka;10;;;
Torkel;10;;;
Tudor;10;;;
Tung;10;;;
Turjo;10;;;
Ukkopekka;10;;;
Umberto;10;;;
Vadym;10;;;
Vallu;10;;;
Vasileios;10;;;
Veli-Tuomas;10;;;
Vesa-Mikko;10;;;
Vesa-Valtteri;10;;;
Vikko;10;;;
Ville-Martti;10;;;
Vilmo;10;;;
Vinsent;10;;;
Warren;10;;;
Wellu;10;;;
Wen;10;;;
Yacqub;10;;;
Yassir;10;;;
Yavuz;10;;;
Ylli;10;;;
Youness;10;;;
Yrjänä;10;;;
Yussuf;10;;;
Zeki;10;;;
Zubeyr;10;;;
Zuhair;10;;;
Örjan;10;;;
Aahil;9;;;
Abaas;9;;;
Abdelkrim;9;;;
Abderrahman;9;;;
Abdihakin;9;;;
Abdikariim;9;;;
Abdikarin;9;;;
Abdimaalik;9;;;
Abdirisaaq;9;;;
Abdou;9;;;
Abdulhakim;9;;;
Abed;9;;;
Abedin;9;;;
Akilles;9;;;
Aland;9;;;
Alexej;9;;;
Alexios;9;;;
Alexsander;9;;;
Amiel;9;;;
Amor;9;;;
An;9;;;
Andri;9;;;
Anse;9;;;
Ansel;9;;;
Anssi-Petteri;9;;;
Antti-Ilari;9;;;
Antti-Olavi;9;;;
Arafat;9;;;
Archie;9;;;
Aref;9;;;
Arel;9;;;
Ari-Tapani;9;;;
Ari-Tapio;9;;;
Ari-Veli;9;;;
Arjun;9;;;
Armen;9;;;
Arnaud;9;;;
Asim;9;;;
Atte-Pekka;9;;;
Awat;9;;;
Ayrton;9;;;
Baboucarr;9;;;
Balázs;9;;;
Benno;9;;;
Blendi;9;;;
Brett;9;;;
Callum;9;;;
Caner;9;;;
Carl-Anders;9;;;
Carl-Michael;9;;;
Carson;9;;;
Casperi;9;;;
Cassius;9;;;
Chan;9;;;
Chia;9;;;
Cihan;9;;;
Claës;9;;;
Danyal;9;;;
Dawit;9;;;
Denny;9;;;
Dijar;9;;;
Ed;9;;;
Eeben;9;;;
Efosa;9;;;
Eino-Veikko;9;;;
Eitan;9;;;
Eldin;9;;;
Elie;9;;;
Elmedin;9;;;
Eloi;9;;;
Emerson;9;;;
Emilian;9;;;
Emmanouil;9;;;
Enno;9;;;
Erjon;9;;;
Esat;9;;;
Esa-Tapio;9;;;
Esa-Ville;9;;;
Essa;9;;;
Even;9;;;
Ezel;9;;;
Falah;9;;;
Farouk;9;;;
Farshad;9;;;
Fazel;9;;;
Fiilus;9;;;
Filemon;9;;;
Filiph;9;;;
Fjodor;9;;;
Flamur;9;;;
Frédéric;9;;;
Fynn;9;;;
Gábor;9;;;
Gay;9;;;
Ghaith;9;;;
Grant;9;;;
Guy-Erik;9;;;
Haaruun;9;;;
Hakon;9;;;
Hamit;9;;;
Hanne;9;;;
Harras;9;;;
Hashem;9;;;
Hassen;9;;;
Haval;9;;;
Hayrettin;9;;;
Heikka;9;;;
Heljo;9;;;
Helmut;9;;;
Hemen;9;;;
Hemn;9;;;
Hesham;9;;;
Hristo;9;;;
Huner;9;;;
Idan;9;;;
Ignat;9;;;
Iku;9;;;
Ilyes;9;;;
Iosif;9;;;
Iro;9;;;
Isam;9;;;
Jaakko-Petteri;9;;;
Jaarli;9;;;
Jael;9;;;
Jafet;9;;;
Jallu;9;;;
Jame;9;;;
Jamo;9;;;
Jani-Juhani;9;;;
Jani-Tapani;9;;;
Janne-Mikael;9;;;
Janne-Veikko;9;;;
Jari-Ville;9;;;
Jarno-Petteri;9;;;
Jassu;9;;;
Jere-Juhani;9;;;
Jermo;9;;;
Jerzy;9;;;
Jesse-Matias;9;;;
Jhonny;9;;;
Joackim;9;;;
Joaquin;9;;;
Jochen;9;;;
Jofiel;9;;;
Johnson;9;;;
Jolle;9;;;
Joutsi;9;;;
Juha-Martti;9;;;
Juha-Tapani;9;;;
Juha-Tuomas;9;;;
Juho-Eemeli;9;;;
Jussi-Matias;9;;;
Jussimatti;9;;;
Juuso-Matias;9;;;
Kaj-Gustav;9;;;
Kalev;9;;;
Kari-Antti;9;;;
Kari-Markus;9;;;
Karimatti;9;;;
Kari-Veikko;9;;;
Karl-Anders;9;;;
Karl-Axel;9;;;
Karl-Gunnar;9;;;
Karl-Mikael;9;;;
Kayden;9;;;
Keanu;9;;;
Kim-Kristian;9;;;
Kimmo-Petteri;9;;;
Kimo;9;;;
Kim-Peter;9;;;
Klaus-Erik;9;;;
Knuutti;9;;;
Ko;9;;;
Koa;9;;;
Köpi;9;;;
Lahoucine;9;;;
Lajos;9;;;
Lamine;9;;;
Lars-Ove;9;;;
Lasse-Matti;9;;;
Lauri-Kalle;9;;;
Lei;9;;;
Leslie;9;;;
Levente;9;;;
Levin;9;;;
Loki;9;;;
Long;9;;;
Lucian;9;;;
Luciano;9;;;
Lukman;9;;;
Mac;9;;;
Malakai;9;;;
Masood;9;;;
Máté;9;;;
Mateusz;9;;;
Mathieu;9;;;
Matjus;9;;;
Mats-Johan;9;;;
Matti-Oskari;9;;;
Matti-Veikko;9;;;
Maunus;9;;;
MD.;9;;;
Miica;9;;;
Mika-Antti;9;;;
Mika-Tapani;9;;;
Mikhael;9;;;
Mikk;9;;;
Mikka;9;;;
Mikko-Samuli;9;;;
Mikko-Tapio;9;;;
Mikolas;9;;;
Miko-Matias;9;;;
Miksu;9;;;
Milco;9;;;
Mille;9;;;
Milon;9;;;
Milot;9;;;
Mirac;9;;;
Miska-Matias;9;;;
Mohamed-Amin;9;;;
Monir;9;;;
Mosku;9;;;
Mujtaba;9;;;
Murtaza;9;;;
Muse;9;;;
Naava;9;;;
Namo;9;;;
Nante;9;;;
Nenad;9;;;
Nermin;9;;;
Nesta;9;;;
Nexhat;9;;;
Nhut;9;;;
Nidal;9;;;
Nihad;9;;;
Niikka;9;;;
Niikko;9;;;
Niklaus;9;;;
Niko-Joonas;9;;;
Oleksi;9;;;
Oleksiy;9;;;
Olli-Eemeli;9;;;
Olli-Jukka;9;;;
Olli-Kalle;9;;;
Olli-Tapio;9;;;
Olliver;9;;;
Omran;9;;;
Otto-Petteri;9;;;
Otto-Wille;9;;;
Owe;9;;;
Papu;9;;;
Pasi-Petri;9;;;
Pau;9;;;
Pauli-Petteri;9;;;
Pehr-Olof;9;;;
Petrit;9;;;
Phuong;9;;;
Preston;9;;;
Priit;9;;;
Puja;9;;;
Quy;9;;;
Rae;9;;;
Raido;9;;;
Raj;9;;;
Ramil;9;;;
Ramy;9;;;
Ran;9;;;
Ranjit;9;;;
Rasoul;9;;;
Reinhold;9;;;
Ricu;9;;;
Ridha;9;;;
Roald;9;;;
Rollo;9;;;
Romet;9;;;
Roni-Petteri;9;;;
Rustam;9;;;
Sakarie;9;;;
Sakariya;9;;;
Saleem;9;;;
Sami-Seppo;9;;;
Samu-Matias;9;;;
Sangar;9;;;
Santi;9;;;
Saw;9;;;
Sebastián;9;;;
Selahattin;9;;;
Sergej;9;;;
Seyyed;9;;;
Shahab;9;;;
Shakir;9;;;
Sigvald;9;;;
Silvio;9;;;
Simo-Matti;9;;;
Simone;9;;;
Simo-Santeri;9;;;
Soner;9;;;
Soren;9;;;
Sorjo;9;;;
Sten-Erik;9;;;
Stig-Ole;9;;;
Styrbjörn;9;;;
Svantte;9;;;
Sven-Ole;9;;;
Tammi;9;;;
Taner;9;;;
Tatu-Petteri;9;;;
Tayfun;9;;;
Teoman;9;;;
Tero-Jukka;9;;;
Thobias;9;;;
Tibor;9;;;
Tiger;9;;;
Timon;9;;;
Timo-Veikko;9;;;
Timy;9;;;
Tin;9;;;
Tini;9;;;
Tobia;9;;;
Tom-Henrik;9;;;
Tom-Johan;9;;;
Tom-Peter;9;;;
Ton;9;;;
Torleif;9;;;
Tuncay;9;;;
Tyr;9;;;
Uku;9;;;
Vasilios;9;;;
Veli-Seppo;9;;;
Vi;9;;;
Viktori;9;;;
Vilkko;9;;;
Ville-Erik;9;;;
Villemarkus;9;;;
Wali;9;;;
Wayne;9;;;
Xhevdet;9;;;
Yazid;9;;;
Yll;9;;;
Yohannes;9;;;
Yusif;9;;;
Zachris;9;;;
Zackarias;9;;;
Zahid;9;;;
Zahir;9;;;
Zakhar;9;;;
Zander;9;;;
Zane;9;;;
Zeid;9;;;
Ziyad;9;;;
Zoltan;9;;;
Aadel;8;;;
Aamir;8;;;
Aamo;8;;;
Aatu-Eemeli;8;;;
Aayan;8;;;
Abdelhakim;8;;;
Abdelmalek;8;;;
Abdihakiim;8;;;
Abdilahi;8;;;
Abdisalan;8;;;
Abdulfatah;8;;;
Abdulmalik;8;;;
Abdulwahid;8;;;
Ade;8;;;
Aivo;8;;;
Aki-Ville;8;;;
Alden;8;;;
Ales;8;;;
Aliaksandr;8;;;
Alonso;8;;;
Amani;8;;;
Anatolij;8;;;
Anel;8;;;
Angelos;8;;;
Anian;8;;;
Anouar;8;;;
Ánte;8;;;
Anttijuhani;8;;;
Antti-Sakari;8;;;
Apostolos;8;;;
Aqeel;8;;;
Arbër;8;;;
Ardi;8;;;
Aria;8;;;
Ari-Antti;8;;;
Arimatti;8;;;
Arnav;8;;;
Artemii;8;;;
Arttu-Matti;8;;;
Asaf;8;;;
Atakan;8;;;
Atef;8;;;
Athanasios;8;;;
Augusto;8;;;
Aurora;8;;;
Azizullah;8;;;
Bahri;8;;;
Bailey;8;;;
Bakary;8;;;
Bart;8;;;
Basri;8;;;
Batuhan;8;;;
Ben-Erik;8;;;
Berkan;8;;;
Bernardo;8;;;
Bo-Anders;8;;;
Bo-Gunnar;8;;;
Bo-Gustav;8;;;
Brayan;8;;;
Carl-Anton;8;;;
Carl-Emil;8;;;
Carl-Victor;8;;;
Carl-Wilhelm;8;;;
Celal;8;;;
César;8;;;
Chau;8;;;
Chung;8;;;
Cornelis;8;;;
Curtis;8;;;
Daniar;8;;;
Deng;8;;;
Denzel;8;;;
Didar;8;;;
Doron;8;;;
Dren;8;;;
Durim;8;;;
Edouard;8;;;
Eewert;8;;;
Egert;8;;;
Eijo;8;;;
Eka;8;;;
Ekko;8;;;
Eko;8;;;
Ergin;8;;;
Eris;8;;;
Ermin;8;;;
Ersin;8;;;
Esad;8;;;
Esa-Heikki;8;;;
Esmail;8;;;
Essam;8;;;
Evans;8;;;
Faik;8;;;
Farhaan;8;;;
Fevzi;8;;;
Flavio;8;;;
Franck;8;;;
Gaurav;8;;;
Gene;8;;;
Gezim;8;;;
Gino;8;;;
Gottfrid;8;;;
Haarun;8;;;
Hakki;8;;;
Hannu-Petteri;8;;;
Hannu-Tapio;8;;;
Hanssi;8;;;
Harri-Matti;8;;;
Hatem;8;;;
Hazem;8;;;
Henri-Petteri;8;;;
Henryk;8;;;
Hoai;8;;;
Htoo;8;;;
Hussam;8;;;
Iakov;8;;;
Iaroslav;8;;;
Ignacio;8;;;
Iise;8;;;
Iiska;8;;;
Ikechukwu;8;;;
Imer;8;;;
Issam;8;;;
Izet;8;;;
Jaabir;8;;;
Jabir;8;;;
Jacek;8;;;
Jackie;8;;;
Jakim;8;;;
Jan-Fredrik;8;;;
Janne-Joonas;8;;;
Jan-Ola;8;;;
Jan-Olav;8;;;
Jari-Tapani;8;;;
Jarkka;8;;;
Jarl-Olof;8;;;
Jarmo-Juhani;8;;;
Jean-Paul;8;;;
Jemias;8;;;
Jemil;8;;;
Jere-Joonas;8;;;
Jeremie;8;;;
Jericho;8;;;
Jerico;8;;;
Jermi;8;;;
Jia;8;;;
Johnnie;8;;;
Joonis;8;;;
Jorgos;8;;;
Juho-Joonas;8;;;
Juho-Kustaa;8;;;
Juho-Veikko;8;;;
Jukka-Antero;8;;;
Juli;8;;;
Jussi-Antti;8;;;
Jyri-Jukka;8;;;
Jöran;8;;;
Kaarel;8;;;
Kadri;8;;;
Kael;8;;;
Kaj-Gunnar;8;;;
Kaj-Håkan;8;;;
Kaj-Ole;8;;;
Kalle-Heikki;8;;;
Kamaran;8;;;
Kari-Petri;8;;;
Karl-Kristian;8;;;
Karsten;8;;;
Kasra;8;;;
Kazi;8;;;
Kemo;8;;;
Kendrick;8;;;
Kero;8;;;
Kid;8;;;
Kimon;8;;;
Konni;8;;;
Kosar;8;;;
Kosmos;8;;;
Kuu;8;;;
Kössi;8;;;
Lahcen;8;;;
Larbi;8;;;
Lars-Christian;8;;;
Lars-Mikael;8;;;
Layth;8;;;
Lenno;8;;;
Leo-Petteri;8;;;
Levent;8;;;
Lo;8;;;
Lorens;8;;;
Lorent;8;;;
Madis;8;;;
Mahesh;8;;;
Majd;8;;;
Maltti;8;;;
Mani;8;;;
Mansoor;8;;;
Martino;8;;;
Martti-Mikael;8;;;
Marttin;8;;;
Matej;8;;;
Mathew;8;;;
Mattus;8;;;
Matvej;8;;;
Maximilien;8;;;
Maximo;8;;;
Mehrdad;8;;;
Micha;8;;;
Michalis;8;;;
Micu;8;;;
Migel;8;;;
Mihalis;8;;;
Mihkal;8;;;
Mihkku;8;;;
Miika-Petteri;8;;;
Mikaël;8;;;
Mika-Kristian;8;;;
Mileon;8;;;
Miliam;8;;;
Miroel;8;;;
Mixu;8;;;
Mohamedamiin;8;;;
Mohamedamin;8;;;
Muayad;8;;;
Muzaffer;8;;;
Nahom;8;;;
Najiib;8;;;
Nate;8;;;
Nazmi;8;;;
Nehat;8;;;
Neko;8;;;
Nemanja;8;;;
Nevzat;8;;;
Nicodemus;8;;;
Niilo-Pekka;8;;;
Niko-Kristian;8;;;
Niko-Matias;8;;;
Nils-Eric;8;;;
Nils-Henrik;8;;;
Noak;8;;;
Nyrki;8;;;
Oguz;8;;;
Olaus;8;;;
Olli-Markus;8;;;
Olli-Petri;8;;;
Omed;8;;;
Onnimanni;8;;;
Onni-Petteri;8;;;
Oren;8;;;
Orson;8;;;
Oumar;8;;;
Outi;8;;;
Paris;8;;;
Patryk;8;;;
Pave;8;;;
Pena;8;;;
Perry;8;;;
Petka;8;;;
Peyman;8;;;
Phong;8;;;
Pouya;8;;;
Pyry-Matti;8;;;
Qendrim;8;;;
Radu;8;;;
Rajesh;8;;;
Rana;8;;;
Rauf;8;;;
Raúl;8;;;
Rawand;8;;;
Rayane;8;;;
Ren;8;;;
Reno;8;;;
Repo;8;;;
Rhys;8;;;
Roby;8;;;
Rodolfo;8;;;
Rolf-Erik;8;;;
Rowan;8;;;
Saban;8;;;
Sabit;8;;;
Saed;8;;;
Safi;8;;;
Salu;8;;;
Sami-Juhani;8;;;
Sami-Kalle;8;;;
Sami-Markus;8;;;
Samsa;8;;;
Sandeep;8;;;
Sandy;8;;;
Saro;8;;;
Saroj;8;;;
Sasu-Pekka;8;;;
Saulo;8;;;
Savas;8;;;
Savelii;8;;;
Sayd;8;;;
Seamus;8;;;
Sefer;8;;;
Sepe;8;;;
Sero;8;;;
Shah;8;;;
Shorsh;8;;;
Shukri;8;;;
Sidi;8;;;
Sol;8;;;
Soufiane;8;;;
Subhan;8;;;
Suhayb;8;;;
Sumit;8;;;
Suresh;8;;;
Sven-Åke;8;;;
Taku;8;;;
Taylor;8;;;
Tero-Tapani;8;;;
Tewodros;8;;;
Thamer;8;;;
Thim;8;;;
Thony;8;;;
Tihon;8;;;
Timofej;8;;;
Timo-Tuomas;8;;;
Tomme;8;;;
Tom-Mikael;8;;;
Tyyko;8;;;
Ulf-Göran;8;;;
Uri;8;;;
Urim;8;;;
Vantte;8;;;
Vasilii;8;;;
Veele;8;;;
Veton;8;;;
Vilius;8;;;
Ville-Jaakko;8;;;
Vilpo;8;;;
Vilppo;8;;;
Vincenzo;8;;;
Vinnie;8;;;
Visa-Valtteri;8;;;
Voldemar;8;;;
Väinä;8;;;
Wahid;8;;;
Walentin;8;;;
Wallu;8;;;
Waqas;8;;;
Wilgot;8;;;
Willi;8;;;
Win;8;;;
Wing;8;;;
Wyatt;8;;;
Yasar;8;;;
Yaseen;8;;;
Yuval;8;;;
Yves;8;;;
Zahar;8;;;
Zayd;8;;;
Zebastian;8;;;
Ziggy;8;;;
Aaro-Matti;7;;;
Aaroni;7;;;
Aarush;7;;;
Abdeljalil;7;;;
Abdelmajid;7;;;
Abdigani;7;;;
Abdinur;7;;;
Abdirashiid;7;;;
Abdisamed;7;;;
Abdulmajid;7;;;
Abdulwahab;7;;;
Abrar;7;;;
Abul;7;;;
Adama;7;;;
Ahmednur;7;;;
Aidin;7;;;
Ajay;7;;;
Alar;7;;;
Aleksandre;7;;;
Alim;7;;;
Alistair;7;;;
Amanj;7;;;
Amarjit;7;;;
Amed;7;;;
Anand;7;;;
Anastasios;7;;;
Anmar;7;;;
Ansumana;7;;;
Antonin;7;;;
Antti-Kustaa;7;;;
Antti-Tuomas;7;;;
Argjend;7;;;
Arhippa;7;;;
Arje;7;;;
Arkko;7;;;
Arpo;7;;;
Arseniy;7;;;
Arttu-Ville;7;;;
Arvind;7;;;
Asif;7;;;
Asil;7;;;
Atanas;7;;;
Athos;7;;;
Ato;7;;;
Atticus;7;;;
Augustus;7;;;
Aus;7;;;
Aviel;7;;;
Ayaanle;7;;;
Ayanle;7;;;
Babatunde;7;;;
Bach;7;;;
Barzan;7;;;
Basel;7;;;
Basim;7;;;
Behrouz;7;;;
Benn;7;;;
Bent;7;;;
Bishal;7;;;
Blend;7;;;
Bleron;7;;;
Boes;7;;;
Bora;7;;;
Boran;7;;;
Botond;7;;;
Bouchaib;7;;;
Boy;7;;;
Burim;7;;;
Carel;7;;;
Carol;7;;;
Cédric;7;;;
Chidi;7;;;
Chukwuemeka;7;;;
Cimraan;7;;;
Claes-Göran;7;;;
Clement;7;;;
Coskun;7;;;
Cumhur;7;;;
Damiel;7;;;
Dane;7;;;
Darko;7;;;
Daryl;7;;;
Davis;7;;;
Davut;7;;;
Dawda;7;;;
Deeq;7;;;
Djamel;7;;;
Dler;7;;;
Domenic;7;;;
Domi;7;;;
Duong;7;;;
Ebou;7;;;
Edel;7;;;
Edip;7;;;
Edric;7;;;
Edson;7;;;
Edvar;7;;;
Eedvin;7;;;
Eemili;7;;;
Eenok;7;;;
Eepu;7;;;
Efim;7;;;
Eicca;7;;;
Ejvind;7;;;
Ekin;7;;;
Elai;7;;;
Eljami;7;;;
Eman;7;;;
Emilia;7;;;
Ennio;7;;;
Enoch;7;;;
Enrik;7;;;
Erdogan;7;;;
Erik-Mikael;7;;;
Erjo;7;;;
Erkki-Juhani;7;;;
Ermias;7;;;
Esa-Jukka;7;;;
Esa-Mikko;7;;;
Esko-Juhani;7;;;
Esko-Matti;7;;;
Etvi;7;;;
Evgenij;7;;;
Evren;7;;;
Fabien;7;;;
Farshid;7;;;
Fatlum;7;;;
Faustin;7;;;
Ferid;7;;;
Ferit;7;;;
Fuat;7;;;
Gentrit;7;;;
Gerd;7;;;
Gianni;7;;;
Gibril;7;;;
Guleed;7;;;
Gusten;7;;;
Halmat;7;;;
Hamdan;7;;;
Hammad;7;;;
Hannu-Tapani;7;;;
Haroon;7;;;
Hasen;7;;;
Hawre;7;;;
Hazar;7;;;
Heka;7;;;
Hesse;7;;;
Hilmi;7;;;
Hilpi;7;;;
Hosein;7;;;
Hugh;7;;;
Iain;7;;;
Iason;7;;;
Ibragim;7;;;
Ifeanyi;7;;;
Iika;7;;;
Iiro-Matti;7;;;
Iivan;7;;;
Iivu;7;;;
Ilker;7;;;
Ilkka-Christian;7;;;
Ilkka-Tapio;7;;;
Ingo;7;;;
Isaak;7;;;
Isai;7;;;
Istvan;7;;;
Jaakkima;7;;;
Jaakko-Ilkka;7;;;
Jade;7;;;
Jahangir;7;;;
Jan-Juhani;7;;;
Janne-Kalle;7;;;
Janni;7;;;
Jannu;7;;;
Jan-Otto;7;;;
Jan-Petteri;7;;;
Jan-Robert;7;;;
Jan-Stefan;7;;;
Jarke;7;;;
Jarkko-Petteri;7;;;
Jarne;7;;;
Jarno-Pekka;7;;;
Jaser;7;;;
Jaspar;7;;;
Jasser;7;;;
Jeehu;7;;;
Jehu;7;;;
Jere-Markus;7;;;
Jin;7;;;
Jiri-Pekka;7;;;
Joda;7;;;
Joey;7;;;
Jón;7;;;
Joni-Jussi;7;;;
Jonis;7;;;
Joppe;7;;;
Joris;7;;;
Josep;7;;;
Jouni-Petteri;7;;;
Juha-Matias;7;;;
Juha-Pentti;7;;;
Juho-Erkki;7;;;
Jukka-Sakari;7;;;
Jukka-Veikko;7;;;
Jukka-Veli;7;;;
Jukka-Ville;7;;;
Jusif;7;;;
Jussi-Tapio;7;;;
Kadar;7;;;
Kadhim;7;;;
Kaido;7;;;
Kai-Henrik;7;;;
Kain;7;;;
Kaj-Christian;7;;;
Kalle-Matias;7;;;
Kamel;7;;;
Kane;7;;;
Kara;7;;;
Karen;7;;;
Kari-Erik;7;;;
Karl-Emil;7;;;
Kassius;7;;;
Kazem;7;;;
Keivan;7;;;
Keon;7;;;
Khalif;7;;;
Kim-Mikael;7;;;
Kit;7;;;
Kjell-Ove;7;;;
Kolja;7;;;
Kumar;7;;;
Kyrö;7;;;
Landon;7;;;
Laszlo;7;;;
Lauri-Matias;7;;;
Lauri-Petteri;7;;;
Laurus;7;;;
Leevi-Kalle;7;;;
Leewi;7;;;
Leif-Johan;7;;;
Lembit;7;;;
Liang;7;;;
Liiam;7;;;
Loghman;7;;;
Lore;7;;;
Lucien;7;;;
Lyon;7;;;
Maciej;7;;;
Maco;7;;;
Maddox;7;;;
Mael;7;;;
Maël;7;;;
Mahamuud;7;;;
Maikel;7;;;
Maksimus;7;;;
Mamdouh;7;;;
Manolis;7;;;
Marino;7;;;
Markkus;7;;;
Marley;7;;;
Marsel;7;;;
Márton;7;;;
Maslah;7;;;
Mati;7;;;
Mats-Peter;7;;;
Matti-Veli;7;;;
Max-Mikael;7;;;
Melih;7;;;
Mervan;7;;;
Mido;7;;;
Mihály;7;;;
Miikka-Markus;7;;;
Miikka-Pekka;7;;;
Miikka-Petteri;7;;;
Miikus;7;;;
Mijo;7;;;
Mika-Matias;7;;;
Mika-Veli;7;;;
Mikkal;7;;;
Mikko-Aleksi;7;;;
Miklo;7;;;
Miko-Matti;7;;;
Miro-Markus;7;;;
Miro-Pekka;7;;;
Mitchell;7;;;
Mohamed-Amiin;7;;;
Mohammadreza;7;;;
Mohan;7;;;
Moris;7;;;
Mousa;7;;;
Mowliid;7;;;
Mucad;7;;;
Muhammet;7;;;
Muktar;7;;;
Muntadar;7;;;
Mursal;7;;;
Mus'ab;7;;;
Muuse;7;;;
Natnael;7;;;
Nazir;7;;;
Niall;7;;;
Nicolò;7;;;
Nigel;7;;;
Nikhil;7;;;
Nikla;7;;;
Niko-Aleksi;7;;;
Niko-Oskari;7;;;
Nir;7;;;
Nirmal;7;;;
Nooe;7;;;
Nuuh;7;;;
Odd;7;;;
Oka;7;;;
Okku;7;;;
Oleh;7;;;
Oleksii;7;;;
Olli-Matias;7;;;
Olli-Veikka;7;;;
Olti;7;;;
Orjo;7;;;
Orvar;7;;;
Osamah;7;;;
Oski;7;;;
Otto-Elias;7;;;
Oussama;7;;;
Ozzy;7;;;
Paavo-Petteri;7;;;
Pasi-Heikki;7;;;
Patricio;7;;;
Peetter;7;;;
Per-Ola;7;;;
Per-Ove;7;;;
Perparim;7;;;
Pii;7;;;
Putte;7;;;
Rabah;7;;;
Raffaele;7;;;
Ragip;7;;;
Raja;7;;;
Rakesh;7;;;
Rami-Petteri;7;;;
Ramyar;7;;;
Rashad;7;;;
Rauli-Pekka;7;;;
Redouane;7;;;
Reemi;7;;;
Reinhard;7;;;
Renee;7;;;
Resul;7;;;
Rezgar;7;;;
Riku-Antti;7;;;
Rizgar;7;;;
Róbert;7;;;
Rohit;7;;;
Rohullah;7;;;
Rolando;7;;;
Roma;7;;;
Roniel;7;;;
Routa;7;;;
Rubert;7;;;
Russell;7;;;
Ruuno;7;;;
Ruurik;7;;;
Ryder;7;;;
Saadaq;7;;;
Sadiiq;7;;;
Safa;7;;;
Safaa;7;;;
Sagar;7;;;
Sahal;7;;;
Sainey;7;;;
Sajid;7;;;
Sakkeus;7;;;
Sami-Heikki;7;;;
Sami-Mikael;7;;;
Samipekka;7;;;
Samvel;7;;;
Santtu-Matti;7;;;
Sarno;7;;;
Seid;7;;;
Senol;7;;;
Serko;7;;;
Seydou;7;;;
Shamal;7;;;
Shay;7;;;
Shefqet;7;;;
Si;7;;;
Sidney;7;;;
Simo-Samuli;7;;;
Simo-Veikko;7;;;
Sipri;7;;;
Sky;7;;;
Slawomir;7;;;
Sofian;7;;;
Soroush;7;;;
Stanislaw;7;;;
Steffan;7;;;
Stenka;7;;;
Stergios;7;;;
Suat;7;;;
Sufyan;7;;;
Sven-Gustav;7;;;
Sylvesteri;7;;;
Søren;7;;;
Tadeusz;7;;;
Tamir;7;;;
Tare;7;;;
Tarkan;7;;;
Teemu-Tapio;7;;;
Teiko;7;;;
Teino;7;;;
Teljo;7;;;
Teno;7;;;
Téo;7;;;
Thor-Björn;7;;;
Timo-Petri;7;;;
Timo-Ville;7;;;
Tomi-Juhani;7;;;
Tomi-Jussi;7;;;
Tong;7;;;
Toni-Ville;7;;;
Topi-Petteri;7;;;
Tor-Leif;7;;;
Toto;7;;;
Tuhto;7;;;
Turan;7;;;
Ulf-Peter;7;;;
Unik;7;;;
Uthman;7;;;
Vaatu;7;;;
Valerian;7;;;
Valmir;7;;;
Valton;7;;;
Veeti-Viljami;7;;;
Veli-Mies;7;;;
Venkata;7;;;
Vesa-Jaakko;7;;;
Vesa-Juhani;7;;;
Vesa-Markus;7;;;
Vesteri;7;;;
Vikki;7;;;
Vili-Eemeli;7;;;
Vili-Matti;7;;;
Vilkku;7;;;
Villehard;7;;;
Ville-Henrik;7;;;
Ville-Pentti;7;;;
Ville-Verneri;7;;;
Villy;7;;;
Vlad;7;;;
Voltti;7;;;
Waltti;7;;;
Wiking;7;;;
Wilde;7;;;
Willjam;7;;;
Xhavit;7;;;
Yani;7;;;
Ye;7;;;
Ylber;7;;;
Yonas;7;;;
Yoni;7;;;
Younus;7;;;
Yunes;7;;;
Yunis;7;;;
Zaman;7;;;
Zeeshan;7;;;
Zeljko;7;;;
Özkan;7;;;
A;6;;;
Aadan;6;;;
Aage;6;;;
Aapa;6;;;
Aapel;6;;;
Aarón;6;;;
Aatu-Oskari;6;;;
Abdala;6;;;
Abdelhak;6;;;
Abdelilah;6;;;
Abderahman;6;;;
Abderrazak;6;;;
Abdijabar;6;;;
Abdiladif;6;;;
Abdiqadar;6;;;
Abdirazak;6;;;
Abdisalaan;6;;;
Abdiwahid;6;;;
Abdollah;6;;;
Abdulgadir;6;;;
Abdul-Malik;6;;;
Abdulqader;6;;;
Abduqadir;6;;;
Abolfazl;6;;;
Abram;6;;;
Abubakr;6;;;
Abuukar;6;;;
Achraf;6;;;
Acke;6;;;
Ádám;6;;;
Adebayo;6;;;
Adeola;6;;;
Adian;6;;;
Adib;6;;;
Adin;6;;;
Ado;6;;;
Adriatik;6;;;
Agust;6;;;
Ahad;6;;;
Aitor;6;;;
Akar;6;;;
Aki-Markus;6;;;
Akin;6;;;
Akipekka;6;;;
Akito;6;;;
Ákos;6;;;
Aku-Kimmo;6;;;
Aku-Oskari;6;;;
Aldur;6;;;
Alem;6;;;
Alexanteri;6;;;
Almin;6;;;
Amandeep;6;;;
Amanuel;6;;;
Amgad;6;;;
Ammaar;6;;;
Anass;6;;;
Ánde;6;;;
Andro;6;;;
Ankit;6;;;
Anteri;6;;;
António;6;;;
Antonius;6;;;
Antrei;6;;;
Antti-Aleksi;6;;;
Antti-Eemil;6;;;
Antti-Ilmari;6;;;
Antti-Juhana;6;;;
Antti-Markus;6;;;
Anttony;6;;;
Aramis;6;;;
Arden;6;;;
Arijan;6;;;
Arik;6;;;
Ari-Kalle;6;;;
Ari-Kristian;6;;;
Ari-Mikael;6;;;
Ari-Seppo;6;;;
Arndt;6;;;
Aros;6;;;
Arran;6;;;
Arshan;6;;;
Arssi;6;;;
Artemiy;6;;;
Arti;6;;;
Arttu-Petteri;6;;;
Arturs;6;;;
Ashley;6;;;
Ashwin;6;;;
Atila;6;;;
Atte-Petteri;6;;;
Atte-Ville;6;;;
Atti;6;;;
Aulo;6;;;
Aung;6;;;
Aviv;6;;;
Aweys;6;;;
Aye;6;;;
Ayham;6;;;
Aykut;6;;;
Bai;6;;;
Bakar;6;;;
Bakr;6;;;
Balen;6;;;
Bence;6;;;
Benedikt;6;;;
Bengt-Göran;6;;;
Bengt-Johan;6;;;
Benito;6;;;
Bero;6;;;
Besian;6;;;
Binyamin;6;;;
Bishnu;6;;;
Bjorn;6;;;
Bo-Eric;6;;;
Bo-Håkan;6;;;
Bo-Johan;6;;;
Borhan;6;;;
Brendon;6;;;
Caesar;6;;;
Cahit;6;;;
Carl-Peter;6;;;
Cenneth;6;;;
Chandra;6;;;
Cheng;6;;;
Chidera;6;;;
Chimezie;6;;;
Ciprian;6;;;
Claes-Henrik;6;;;
Clarence;6;;;
Clas-Erik;6;;;
Cliff;6;;;
Clifford;6;;;
Cornelius;6;;;
Cristofer;6;;;
Cristoffer;6;;;
Daani;6;;;
Dale;6;;;
Dan-Mikael;6;;;
Danne;6;;;
Dan-Olof;6;;;
Danyar;6;;;
Daryoush;6;;;
Dávid;6;;;
Davinder;6;;;
Davit;6;;;
Dawood;6;;;
Devid;6;;;
Dillon;6;;;
Donart;6;;;
Donat;6;;;
Donny;6;;;
Donovan;6;;;
Drin;6;;;
Ebbot;6;;;
Edoardo;6;;;
Eedi;6;;;
Eelu;6;;;
Eepo;6;;;
Eero-Antti;6;;;
Eero-Heikki;6;;;
Eero-Juhani;6;;;
Eero-Matias;6;;;
Eetu-Kalle;6;;;
Eino-Matti;6;;;
Elija;6;;;
Ella;6;;;
Elvedin;6;;;
Emilien;6;;;
Emirhan;6;;;
Enki;6;;;
Ephraim;6;;;
Eppe;6;;;
Eppu-Oskari;6;;;
Era;6;;;
Erblin;6;;;
Erkka-Ville;6;;;
Ermal;6;;;
Ermir;6;;;
Ero;6;;;
Eros;6;;;
Esa-Veikko;6;;;
Ezzat;6;;;
Fadhil;6;;;
Fahd;6;;;
Fahrudin;6;;;
Faiz;6;;;
Fawzi;6;;;
Fazal;6;;;
Feeti;6;;;
Festim;6;;;
Festus;6;;;
Fidaim;6;;;
Florin;6;;;
Foad;6;;;
Frode;6;;;
Fuaad;6;;;
Gaël;6;;;
Gaspard;6;;;
Gennadii;6;;;
Gentian;6;;;
Ghazwan;6;;;
Giancarlo;6;;;
Gianmarco;6;;;
Gilad;6;;;
Giorgos;6;;;
Gopal;6;;;
Graeme;6;;;
Graham;6;;;
Greg;6;;;
Guilherme;6;;;
Guillaume;6;;;
Günter;6;;;
Günther;6;;;
Gzim;6;;;
Haashim;6;;;
Hafid;6;;;
Hafiz;6;;;
Haiku;6;;;
Hakeem;6;;;
Haki;6;;;
Halvar;6;;;
Hameed;6;;;
Hans-Mikael;6;;;
Harding;6;;;
Harem;6;;;
Harri-Petteri;6;;;
Harri-Tapio;6;;;
Hassane;6;;;
Heigo;6;;;
Heikki-Mikael;6;;;
Heikki-Petteri;6;;;
Heikki-Veli;6;;;
Heiko;6;;;
Henok;6;;;
Henri-Markus;6;;;
Hersh;6;;;
Hesam;6;;;
Hjalte;6;;;
Holden;6;;;
Hossam;6;;;
Hozan;6;;;
Hudson;6;;;
Huvi;6;;;
Iggy;6;;;
Ildar;6;;;
Ilkay;6;;;
Ilkka-Matti;6;;;
Indra;6;;;
Inti;6;;;
Iqbal;6;;;
Iraj;6;;;
Ishan;6;;;
Ishaq;6;;;
Itai;6;;;
Itamar;6;;;
Iver;6;;;
Jaakko-Veikko;6;;;
Jaaro;6;;;
Jabbar;6;;;
Jacky;6;;;
Jahje;6;;;
Jalil;6;;;
Jamaal;6;;;
Jamin;6;;;
Jammu;6;;;
Jan-Axel;6;;;
Jan-Daniel;6;;;
Jani-Aleksi;6;;;
Jani-Erik;6;;;
Jani-Henrik;6;;;
Jani-Tapio;6;;;
Janiv;6;;;
Jan-Marcus;6;;;
Janne-Jukka;6;;;
Janne-Kristian;6;;;
Janne-Matias;6;;;
Janne-Tapio;6;;;
Jan-Petter;6;;;
Jarel;6;;;
Jari-Seppo;6;;;
Jari-Vesa;6;;;
Jarkko-Matti;6;;;
Jasi;6;;;
Jassin;6;;;
Jatro;6;;;
Javid;6;;;
Jawid;6;;;
Jean-Erik;6;;;
Jean-Peter;6;;;
Jean-Pierre;6;;;
Jeemil;6;;;
Jekku;6;;;
Jera;6;;;
Jere-Kristian;6;;;
Jeriel;6;;;
Jeroen;6;;;
Jesse-Joonatan;6;;;
Jesse-Julius;6;;;
Jhon;6;;;
Jilo;6;;;
Johan-Henrik;6;;;
John-Peter;6;;;
Jokko;6;;;
Joni-Mikko;6;;;
Joni-Oskari;6;;;
Joni-Ville;6;;;
Joona-Aleksi;6;;;
Joona-Mikael;6;;;
Joona-Oskari;6;;;
Jordi;6;;;
Jose-Pekka;6;;;
Josue;6;;;
Jouni-Tapio;6;;;
József;6;;;
Judah;6;;;
Juho-Eerik;6;;;
Juho-Markus;6;;;
Juho-Olli;6;;;
Juho-Perttu;6;;;
Juho-Petri;6;;;
Juho-Santeri;6;;;
Juho-Valtteri;6;;;
Juice;6;;;
Julias;6;;;
Junes;6;;;
Jurii;6;;;
Jussi-Eemeli;6;;;
Jussi-Veikko;6;;;
Juuda;6;;;
Juuso-Matti;6;;;
Juuso-Ville;6;;;
Jyri-Ville;6;;;
Kaarl;6;;;
Kacper;6;;;
Kai-Heikki;6;;;
Kail;6;;;
Kaitsu;6;;;
Kaj-Göran;6;;;
Kaj-Markus;6;;;
Kali;6;;;
Kalle-Aleksi;6;;;
Kallepekka;6;;;
Kari-Veli;6;;;
Karl-August;6;;;
Karl-Eric;6;;;
Karl-Göran;6;;;
Karl-Markus;6;;;
Kashif;6;;;
Kaur;6;;;
Kaya;6;;;
Kayode;6;;;
Kazim;6;;;
Kenji;6;;;
Kenta;6;;;
Khai;6;;;
Khanh;6;;;
Kiarash;6;;;
Kide;6;;;
Kimi-Petteri;6;;;
Kin;6;;;
Klaes;6;;;
Koray;6;;;
Krasimir;6;;;
Kreshnik;6;;;
Kron;6;;;
Ku;6;;;
Kujtim;6;;;
Kuldeep;6;;;
Kyaw;6;;;
Lai;6;;;
Lari-Markus;6;;;
Lars-Gunnar;6;;;
Lassi-Matias;6;;;
Lassi-Petteri;6;;;
Laurence;6;;;
Laurin;6;;;
Lauri-Veikko;6;;;
Lawand;6;;;
Lawi;6;;;
Lazaro;6;;;
Leevi-Eemeli;6;;;
Leifi;6;;;
Leutrim;6;;;
Levon;6;;;
Loa;6;;;
Lokman;6;;;
Loren;6;;;
Lucio;6;;;
Ly;6;;;
Magdi;6;;;
Magomed;6;;;
Maksimilian;6;;;
Manjit;6;;;
Mansuur;6;;;
Markku-Tapio;6;;;
Marten;6;;;
Martti-Juhani;6;;;
Matan;6;;;
Mateen;6;;;
Matías;6;;;
Matti-Eemeli;6;;;
Matz;6;;;
Mauri-Antero;6;;;
Mauri-Pekka;6;;;
Maurizio;6;;;
Med;6;;;
Meeko;6;;;
Mero;6;;;
Mesfin;6;;;
Metehan;6;;;
Mhd;6;;;
Micheal;6;;;
Michelangelo;6;;;
Mihael;6;;;
Miika-Juhani;6;;;
Miikku;6;;;
Mika-Antero;6;;;
Mikko-Heikki;6;;;
Mikko-Markus;6;;;
Miko-Markus;6;;;
Miko-Petteri;6;;;
Mikos;6;;;
Minos;6;;;
Mira;6;;;
Miraç;6;;;
Mirek;6;;;
Mirnes;6;;;
Misko;6;;;
Mladen;6;;;
Moataz;6;;;
Moulay;6;;;
Mowlid;6;;;
Mudasir;6;;;
Mukhtaar;6;;;
Muqtar;6;;;
Mykhaylo;6;;;
Myytti;6;;;
Naattan;6;;;
Nabaz;6;;;
Naeem;6;;;
Nart;6;;;
Nedal;6;;;
Nevin;6;;;
Nicki;6;;;
Nicolaus;6;;;
Nico-Pekka;6;;;
Niiko;6;;;
Nik;6;;;
Nika;6;;;
Nikan;6;;;
Niko-Juhani;6;;;
Niko-Mikael;6;;;
Niko-Teemu;6;;;
Nil;6;;;
Nils-Christian;6;;;
Nils-Emil;6;;;
Nils-Åke;6;;;
Nooah;6;;;
Noora;6;;;
Nori;6;;;
Nurettin;6;;;
Nuri;6;;;
Obed;6;;;
Obi;6;;;
Oguzhan;6;;;
Oisín;6;;;
Okko-Pekka;6;;;
Olai;6;;;
Olalekan;6;;;
Olli-Jaakko;6;;;
Olli-Sakari;6;;;
Olli-Tuomas;6;;;
Oluwaseun;6;;;
Omri;6;;;
Onni-Elias;6;;;
Onni-Ville;6;;;
Ontrei;6;;;
Ooke;6;;;
Oras;6;;;
Orges;6;;;
Osmi;6;;;
Otro;6;;;
Otto-Aleksi;6;;;
Ottu;6;;;
Oula-Antti;6;;;
Outa;6;;;
Ovidiu;6;;;
Pan;6;;;
Pasi-Jukka;6;;;
Pauli-Pekka;6;;;
Payam;6;;;
Payman;6;;;
Peiman;6;;;
Pekka-Eemeli;6;;;
Pekka-Veikko;6;;;
Pekki;6;;;
Pele;6;;;
Peppe;6;;;
Petri-Tapani;6;;;
Pham;6;;;
Pouta;6;;;
Prakash;6;;;
Pål;6;;;
Pär-Olof;6;;;
Quentin;6;;;
Rabi;6;;;
Rabih;6;;;
Rabin;6;;;
Radi;6;;;
Raheem;6;;;
Raif;6;;;
Railo;6;;;
Ralf-Erik;6;;;
Ramtin;6;;;
Rasheed;6;;;
Raune;6;;;
Rayyan;6;;;
Redon;6;;;
Reece;6;;;
Rehan;6;;;
Reipas;6;;;
Reis;6;;;
Rémy;6;;;
Rento;6;;;
Renzo;6;;;
Reyansh;6;;;
Rikhart;6;;;
Rikke;6;;;
Riku-Jussi;6;;;
Riku-Matias;6;;;
Riku-Oskari;6;;;
Riza;6;;;
Rober;6;;;
Roberth;6;;;
Rock;6;;;
Roderick;6;;;
Rohat;6;;;
Roj;6;;;
Ronie;6;;;
Ronin;6;;;
Ronn;6;;;
Roo;6;;;
Rostam;6;;;
Rovan;6;;;
Rubén;6;;;
Rubin;6;;;
Sadri;6;;;
Sager;6;;;
Sahel;6;;;
Sahir;6;;;
Saied;6;;;
Saifullah;6;;;
Samad;6;;;
Samae;6;;;
Samar;6;;;
Sameh;6;;;
Samil;6;;;
Sami-Tapio;6;;;
Samuil;6;;;
Sanad;6;;;
Sanel;6;;;
Sanfrid;6;;;
Santosh;6;;;
Saqib;6;;;
Sasan;6;;;
Sasu-Matti;6;;;
Sasu-Petteri;6;;;
Sauvo;6;;;
Seem;6;;;
Sercan;6;;;
Seri;6;;;
Severin;6;;;
Severus;6;;;
Shafici;6;;;
Shahriar;6;;;
Shahrokh;6;;;
Shai;6;;;
Shalom;6;;;
Shamil;6;;;
Sherzad;6;;;
Shiva;6;;;
Shpend;6;;;
Signar;6;;;
Simen;6;;;
Sipo;6;;;
Skyler;6;;;
Smail;6;;;
Sofia;6;;;
Son;6;;;
Sorri;6;;;
Sri;6;;;
Stan;6;;;
Star;6;;;
Stig-Björn;6;;;
Stig-Johan;6;;;
Stiven;6;;;
Sturle;6;;;
Suad;6;;;
Sudais;6;;;
Suheil;6;;;
Suleman;6;;;
Suleymaan;6;;;
Surya;6;;;
Suune;6;;;
Sven-Göran;6;;;
Svyatoslav;6;;;
Taif;6;;;
Tanveer;6;;;
Tari;6;;;
Teivo;6;;;
Tervo;6;;;
Tesfaye;6;;;
Than;6;;;
Theodoros;6;;;
Thierry;6;;;
Thilo;6;;;
Tiar;6;;;
Tiikka;6;;;
Tiit;6;;;
Timmie;6;;;
Timmo;6;;;
Timo-Antti;6;;;
Timo-Mikko;6;;;
Timotei;6;;;
Timppa;6;;;
Tolga;6;;;
Tomi-Kristian;6;;;
Tomi-Petri;6;;;
Tomi-Tapio;6;;;
Toni-Tapani;6;;;
Topia;6;;;
Toufik;6;;;
Turgay;6;;;
Turgut;6;;;
Tuuri;6;;;
Ty;6;;;
Ukko-Matti;6;;;
Uriel;6;;;
Valentine;6;;;
Valtu;6;;;
Vasil;6;;;
Vasko;6;;;
Veli-Sakari;6;;;
Venner;6;;;
Vento;6;;;
Vesa-Jussi;6;;;
Vesa-Markku;6;;;
Vesapekka;6;;;
Vesse;6;;;
Vigo;6;;;
Vilde;6;;;
Vile;6;;;
Vilias;6;;;
Vili-Santeri;6;;;
Vili-Waltteri;6;;;
Vilke;6;;;
Ville-Petri;6;;;
Ville-Santeri;6;;;
Ville-Vertti;6;;;
Vilpertti;6;;;
Vini;6;;;
Vinston;6;;;
Vittorio;6;;;
Vivek;6;;;
Vo;6;;;
Vuk;6;;;
Väinämö;6;;;
Väinö-Valtteri;6;;;
Warsame;6;;;
Wassim;6;;;
Weli;6;;;
Welmeri;6;;;
Wesa;6;;;
Wilbur;6;;;
Wilko;6;;;
Williams;6;;;
Willie;6;;;
Wissam;6;;;
Woitto;6;;;
Yaasiin;6;;;
Yadgar;6;;;
Yang;6;;;
Yashar;6;;;
Yasiin;6;;;
Yehia;6;;;
Yevhenii;6;;;
Yong;6;;;
Yotam;6;;;
Yrjö-Pekka;6;;;
Yukio;6;;;
Zac;6;;;
Zach;6;;;
Zagros;6;;;
Zaur;6;;;
Zayan;6;;;
Zbigniew;6;;;
Zeyad;6;;;
Zohaib;6;;;
Zubeir;6;;;
Önder;6;;;
Aaden;5;;;
Aadil;5;;;
Aadit;5;;;
Aamer;5;;;
Aariz;5;;;
Aayush;5;;;
Abdelhafid;5;;;
Abdiaziiz;5;;;
Abdifitah;5;;;
Abdikafi;5;;;
Abdikariin;5;;;
Abdinajib;5;;;
Abdirahiim;5;;;
Abdi-Rahman;5;;;
Abdirizaq;5;;;
Abdishakuur;5;;;
Abdo;5;;;
Abdu;5;;;
Abdula;5;;;
Abdulhadi;5;;;
Abdulkareem;5;;;
Abdurahim;5;;;
Abdurrahim;5;;;
Abhinav;5;;;
Abhishek;5;;;
Abid;5;;;
Abiodun;5;;;
Abubacarr;5;;;
Ace;5;;;
Achille;5;;;
Ada;5;;;
Adedayo;5;;;
Adedeji;5;;;
Adekunle;5;;;
Ademola;5;;;
Adeyemi;5;;;
Adnane;5;;;
Adyan;5;;;
Afonso;5;;;
Age;5;;;
Ahnaf;5;;;
Ain;5;;;
Aiub;5;;;
Akash;5;;;
Akbar;5;;;
Akeem;5;;;
Aki-Juhani;5;;;
Aku-Kalle;5;;;
Aku-Matias;5;;;
Aladin;5;;;
Aleksandrs;5;;;
Aleksi-Matias;5;;;
Alfa;5;;;
Alija;5;;;
Almer;5;;;
Almo;5;;;
Alo;5;;;
Alrik;5;;;
Amanullah;5;;;
Amedeo;5;;;
Amirhossein;5;;;
Andras;5;;;
Andrè;5;;;
Andrian;5;;;
Anir;5;;;
Anish;5;;;
Anna;5;;;
Anselmo;5;;;
Anssi-Jukka;5;;;
Antar;5;;;
Anthoni;5;;;
Antonino;5;;;
Antro;5;;;
Ants;5;;;
Antti-Johannes;5;;;
Antti-Kalle;5;;;
Anttimatti;5;;;
Antti-Tapani;5;;;
Anup;5;;;
Aous;5;;;
Arad;5;;;
Ardalan;5;;;
Argo;5;;;
Arianit;5;;;
Arie;5;;;
Ari-Jaakko;5;;;
Ari-Kalevi;5;;;
Ari-Markus;5;;;
Arish;5;;;
Arkady;5;;;
Arko;5;;;
Arnel;5;;;
Árpád;5;;;
Arshia;5;;;
Arska;5;;;
Arto-Matti;5;;;
Asadullah;5;;;
Ashok;5;;;
Ask;5;;;
Asko-Pekka;5;;;
Asmir;5;;;
Atif;5;;;
Atte-Eemeli;5;;;
Atto;5;;;
Auron;5;;;
Avar;5;;;
Avraham;5;;;
Awad;5;;;
Ayoob;5;;;
Ayyub;5;;;
Bahattin;5;;;
Bahoz;5;;;
Bakari;5;;;
Baraa;5;;;
Barnabas;5;;;
Basir;5;;;
Bedirhan;5;;;
Benaja;5;;;
Beniamin;5;;;
Benne;5;;;
Beppe;5;;;
Berndt-Johan;5;;;
Besar;5;;;
Besfort;5;;;
Besmir;5;;;
Bewar;5;;;
Bijan;5;;;
Bikash;5;;;
Binod;5;;;
Birol;5;;;
Bleon;5;;;
Blerton;5;;;
Bo-Christer;5;;;
Bo-Henrik;5;;;
Bowen;5;;;
Brent;5;;;
Bror-Åke;5;;;
Bryn;5;;;
Bünyamin;5;;;
Byron;5;;;
Caijus;5;;;
Caio;5;;;
Caj-Erik;5;;;
Caj-Olof;5;;;
Carl-Oskar;5;;;
Carl-Otto;5;;;
Carmelo;5;;;
Cash;5;;;
Cayden;5;;;
Çetin;5;;;
Charl;5;;;
Charly;5;;;
Cheikh;5;;;
Chibuike;5;;;
Chinedum;5;;;
Chol;5;;;
Choman;5;;;
Christiano;5;;;
Chun;5;;;
Cimi;5;;;
Clark;5;;;
Clas-Henrik;5;;;
Clas-Åke;5;;;
Clayton;5;;;
Coby;5;;;
Colt;5;;;
Colton;5;;;
Constantinos;5;;;
Cristopher;5;;;
Cuong;5;;;
Dahen;5;;;
Dalmar;5;;;
Dalton;5;;;
Danijel;5;;;
Dariel;5;;;
Dat;5;;;
Derick;5;;;
Devansh;5;;;
Diamant;5;;;
Dieter;5;;;
Diler;5;;;
Dimitrij;5;;;
Dinesh;5;;;
Dio;5;;;
Doan;5;;;
Dony;5;;;
Dragan;5;;;
Dustin;5;;;
Dzenan;5;;;
Dzevad;5;;;
Edil;5;;;
Edo;5;;;
Eduart;5;;;
Eedis;5;;;
Eero-Oskari;5;;;
Eetu-Eemeli;5;;;
Eetu-Elmeri;5;;;
Eetu-Matias;5;;;
Eetu-Mikael;5;;;
Eetu-Valtteri;5;;;
Eiden;5;;;
Eino-Olli;5;;;
Eino-Ville;5;;;
Eke;5;;;
Elad;5;;;
Elham;5;;;
Eliahu;5;;;
Eljan;5;;;
Elsayed;5;;;
Emanuele;5;;;
Endel;5;;;
Ender;5;;;
Endi;5;;;
Enea;5;;;
Enssi;5;;;
Enzio;5;;;
Eran;5;;;
Erez;5;;;
Ergo;5;;;
Erkki-Sakari;5;;;
Erni;5;;;
Erto;5;;;
Esa-Juhani;5;;;
Esa-Veli;5;;;
Esko-Pekka;5;;;
Everett;5;;;
Eyob;5;;;
Eyüp;5;;;
Faarah;5;;;
Fabrizio;5;;;
Fady;5;;;
Fallou;5;;;
Farbod;5;;;
Femi;5;;;
Feng;5;;;
Fethi;5;;;
Filippos;5;;;
Flego;5;;;
Fortune;5;;;
Francois;5;;;
Franklyn;5;;;
Frans-Eemil;5;;;
Frans-Oscar;5;;;
Frederic;5;;;
Frejvid;5;;;
Gadi;5;;;
Gagan;5;;;
Gal;5;;;
Ganesh;5;;;
Gard;5;;;
Garth;5;;;
Gaston;5;;;
Gautam;5;;;
Genc;5;;;
Gent;5;;;
Geo;5;;;
Gergely;5;;;
Ghali;5;;;
Gilberto;5;;;
Giorgi;5;;;
Giorgio;5;;;
Godfrey;5;;;
Godwin;5;;;
Grayson;5;;;
Gui;5;;;
Gyula;5;;;
Habibullah;5;;;
Haim;5;;;
Hajrudin;5;;;
Halim;5;;;
Hannu-Matias;5;;;
Hans-Christer;5;;;
Hans-Jürgen;5;;;
Hans-Ole;5;;;
Harel;5;;;
Harith;5;;;
Harpreet;5;;;
Harri-Juhani;5;;;
Harry-Pekka;5;;;
Hartte;5;;;
Haru;5;;;
Hashir;5;;;
Hasim;5;;;
Hatim;5;;;
Haukar;5;;;
Hemin;5;;;
Henrick;5;;;
Hentry;5;;;
Hewa;5;;;
Hille;5;;;
Hiro;5;;;
Hoa;5;;;
Hook;5;;;
Hosni;5;;;
Hossain;5;;;
Howard;5;;;
Hubertus;5;;;
Hudeifa;5;;;
Hunor;5;;;
Huseen;5;;;
Håkon;5;;;
Ibrahima;5;;;
Idor;5;;;
Idrees;5;;;
Idriss;5;;;
Ilarion;5;;;
Illia;5;;;
Ilmi;5;;;
Ilves;5;;;
Imed;5;;;
Ira;5;;;
Ishaaq;5;;;
Ismaan;5;;;
Isman;5;;;
Isuf;5;;;
Iwan;5;;;
Iyed;5;;;
Izzet;5;;;
Jaad;5;;;
Jaakoppi;5;;;
Jacopo;5;;;
Jadon;5;;;
Jahja;5;;;
Jahvetti;5;;;
Jai;5;;;
Jaiden;5;;;
Jairi;5;;;
Jami-Pekka;5;;;
Jammi;5;;;
Jamppa;5;;;
Janar;5;;;
Janec;5;;;
Jan-Henry;5;;;
Jan-Matias;5;;;
Janne-Antti;5;;;
Janne-Petri;5;;;
Jan-Oskar;5;;;
Jan-Petri;5;;;
Jari-Marko;5;;;
Jarno-Juhani;5;;;
Jaroslaw;5;;;
Jean-Claude;5;;;
Jean-Michel;5;;;
Jed;5;;;
Jeetu;5;;;
Jekki;5;;;
Jens-Erik;5;;;
Jenson;5;;;
Jered;5;;;
Jérémie;5;;;
Jere-Santeri;5;;;
Jerreh;5;;;
Jeter;5;;;
Joaquim;5;;;
Jonathon;5;;;
Jonel;5;;;
Jon-Henrik;5;;;
Joni-Jukka;5;;;
Jonimatti;5;;;
Joni-Santeri;5;;;
Jonn;5;;;
Joon;5;;;
Joona-Kristian;5;;;
Jooni;5;;;
Joram;5;;;
Jovnna;5;;;
Juha-Erik;5;;;
Juha-Kalle;5;;;
Juho-Lauri;5;;;
Juho-Otto;5;;;
Juke;5;;;
Jukka-Joonas;5;;;
Jukkamatti;5;;;
Julia;5;;;
Junus;5;;;
Jussi-Mikael;5;;;
Jussi-Oskari;5;;;
Jussi-Tapani;5;;;
Juuso-Valtteri;5;;;
Jyrki-Petteri;5;;;
Jöns;5;;;
Kaaro;5;;;
Kader;5;;;
Kai-Jukka;5;;;
Kai-Peter;5;;;
Kaj-Anders;5;;;
Kaj-Christer;5;;;
Kaj-Eric;5;;;
Kaj-Kristian;5;;;
Kaj-Peter;5;;;
Kallas;5;;;
Kalle-Erik;5;;;
Kalle-Hermanni;5;;;
Kalle-Kustaa;5;;;
Kalle-Samuli;5;;;
Kalle-Tapani;5;;;
Kam;5;;;
Kari-Antero;5;;;
Kari-Heikki;5;;;
Kari-Kristian;5;;;
Karl-Fredrik;5;;;
Karli;5;;;
Karl-Wilhelm;5;;;
Karpo;5;;;
Kasem;5;;;
Kastor;5;;;
Kauro;5;;;
Kayan;5;;;
Kent-Johan;5;;;
Kettil;5;;;
Keven;5;;;
Keyse;5;;;
Keyvan;5;;;
Khalifa;5;;;
Kiaan;5;;;
Killian;5;;;
Kimmo-Juhani;5;;;
Kimmo-Pekka;5;;;
Kinan;5;;;
Kira;5;;;
Kirk;5;;;
Kjell-Johan;5;;;
Klaus-Peter;5;;;
Kostiantyn;5;;;
Kourosh;5;;;
Krenar;5;;;
Kristijan;5;;;
Kristóf;5;;;
Kwaku;5;;;
Kwan;5;;;
Ky;5;;;
Kyan;5;;;
Lachlan;5;;;
Lang;5;;;
Lari-Antti;5;;;
Lari-Mikko;5;;;
Laripekka;5;;;
Lars-Gustav;5;;;
Las;5;;;
Laurens;5;;;
Lauri-Heikki;5;;;
Lauri-Jaakko;5;;;
Lauri-Johannes;5;;;
Lauripekka;5;;;
Lauri-Ville;5;;;
Lawin;5;;;
Leri;5;;;
Levan;5;;;
Lewi;5;;;
Li;5;;;
Lincoln;5;;;
Linh;5;;;
Loran;5;;;
Lucky;5;;;
M.;5;;;
Maamar;5;;;
Maarten;5;;;
Mads;5;;;
Magan;5;;;
Magdy;5;;;
Maged;5;;;
Magne;5;;;
Mahamad;5;;;
Mahammad;5;;;
Mahin;5;;;
Mahmod;5;;;
Maitham;5;;;
Man;5;;;
Manu-Pekka;5;;;
Marko-Kristian;5;;;
Maro;5;;;
Marouan;5;;;
Marti;5;;;
Martti-Pekka;5;;;
Maruan;5;;;
Matéo;5;;;
Mathéo;5;;;
Mathis;5;;;
Matti-Olavi;5;;;
Maverick;5;;;
Maximiliano;5;;;
Máximo;5;;;
Maximos;5;;;
Maxmilian;5;;;
Mazhar;5;;;
MD;5;;;
Mehmed;5;;;
Meir;5;;;
Memet;5;;;
Memo;5;;;
Mensur;5;;;
Mesbah;5;;;
Micki;5;;;
Mielo;5;;;
Mietti;5;;;
Miha;5;;;
Miico;5;;;
Miikka-Aleksi;5;;;
Miikko;5;;;
Miitrei;5;;;
Miitro;5;;;
Mikaeli;5;;;
Mikko-Ilmari;5;;;
Mikko-Johannes;5;;;
Mikko-Sakari;5;;;
Mikko-Veli;5;;;
Mikla;5;;;
Miklós;5;;;
Milen;5;;;
Mircea;5;;;
Mirhat;5;;;
Miró;5;;;
Mohaimen;5;;;
Mohamoud;5;;;
Mohd;5;;;
Mohsin;5;;;
Mon;5;;;
Monty;5;;;
Moshe;5;;;
Muadh;5;;;
Mudassar;5;;;
Muhudiin;5;;;
Musaab;5;;;
Musamil;5;;;
Muusa;5;;;
Muzamil;5;;;
Myles;5;;;
Märt;5;;;
Nabin;5;;;
Naji;5;;;
Narek;5;;;
Naseer;5;;;
Nasri;5;;;
Nassir;5;;;
Natthaphon;5;;;
Nay;5;;;
Neel;5;;;
Neero;5;;;
Nehemia;5;;;
Nels;5;;;
Neville;5;;;
Nezir;5;;;
Nghia;5;;;
Ngo;5;;;
Niaz;5;;;
Nihal;5;;;
Niillas;5;;;
Niio;5;;;
Nikanor;5;;;
Niko-Erik;5;;;
Niko-Jussi;5;;;
Niko-Santeri;5;;;
Niko-Tapio;5;;;
Niko-Valtteri;5;;;
Niku-Petteri;5;;;
Niky;5;;;
Nilas;5;;;
Nnamdi;5;;;
Noman;5;;;
Nor;5;;;
Nouh;5;;;
Numan;5;;;
Nyyti;5;;;
Oday;5;;;
Odert;5;;;
Ofek;5;;;
Ognjen;5;;;
Olakunle;5;;;
Olev;5;;;
Olli-Aleksi;5;;;
Olli-Valtteri;5;;;
Olmo;5;;;
Olufemi;5;;;
Onni-Eemil;5;;;
Onni-Hermanni;5;;;
Onnipekka;5;;;
Onni-Veikko;5;;;
Or;5;;;
Orestis;5;;;
Osei;5;;;
Oso;5;;;
Osse;5;;;
Ossi-Matti;5;;;
Osvaldo;5;;;
Otso-Pekka;5;;;
Otto-Matti;5;;;
Oulas;5;;;
Ousainou;5;;;
Owais;5;;;
Paavo-Matti;5;;;
Paavo-Pekka;5;;;
Paco;5;;;
Pak;5;;;
Palle;5;;;
Panajotis;5;;;
Parham;5;;;
Pasi-Juhani;5;;;
Pasi-Markus;5;;;
Pasi-Veikko;5;;;
Pawan;5;;;
Peeta;5;;;
Peetus;5;;;
Pekka-Matti;5;;;
Pekka-Tapio;5;;;
Peng;5;;;
Pentti-Juhani;5;;;
Peo;5;;;
Pera;5;;;
Per-Mikael;5;;;
Petri-Markus;5;;;
Piera;5;;;
Pierce;5;;;
Pieter;5;;;
Poika;5;;;
Pouria;5;;;
Poyraz;5;;;
Pravin;5;;;
Predrag;5;;;
Qaasim;5;;;
Qais;5;;;
Qusai;5;;;
Qusay;5;;;
Radomir;5;;;
Radwan;5;;;
Rafail;5;;;
Rafat;5;;;
Rafe;5;;;
Raffaello;5;;;
Rahand;5;;;
Rahel;5;;;
Rahmat;5;;;
Raiku;5;;;
Raiyan;5;;;
Rajiv;5;;;
Raku;5;;;
Rami-Matti;5;;;
Ramo;5;;;
Rasa;5;;;
Ravil;5;;;
Rawad;5;;;
Reagan;5;;;
Reco;5;;;
Reettu;5;;;
Reginald;5;;;
Resat;5;;;
Richardo;5;;;
Richmond;5;;;
Riemu;5;;;
Rifat;5;;;
Rihard;5;;;
Riku-Juhani;5;;;
Riku-Mikko;5;;;
Rishi;5;;;
Risse;5;;;
Risto-Juhani;5;;;
Rizvan;5;;;
Rizwan;5;;;
Rogert;5;;;
Roméo;5;;;
Roni-Mikael;5;;;
Roni-Pekka;5;;;
Ronit;5;;;
Roope-Rasmus;5;;;
Rori;5;;;
Rossi;5;;;
Rrahim;5;;;
Rudolph;5;;;
Ruuti;5;;;
Saacid;5;;;
Sa'ad;5;;;
Saamo;5;;;
Saihou;5;;;
Saku-Mikko;5;;;
Salad;5;;;
Salama;5;;;
Saleban;5;;;
Samiel;5;;;
Sami-Henrik;5;;;
Sami-Jaakko;5;;;
Sami-Sebastian;5;;;
Sami-Tapani;5;;;
Sami-Veikko;5;;;
Sammi;5;;;
Samu-Matti;5;;;
Sanjeev;5;;;
Santtu-Petteri;5;;;
Sarbast;5;;;
Sarkaut;5;;;
Sattar;5;;;
Séan;5;;;
Sebastiano;5;;;
Seedy;5;;;
Sehmus;5;;;
Seikko;5;;;
Selçuk;5;;;
Selmi;5;;;
Semjon;5;;;
Sepi;5;;;
Setri;5;;;
Sever;5;;;
Sezgin;5;;;
Shaafici;5;;;
Shaban;5;;;
Shahar;5;;;
Shaip;5;;;
Shams;5;;;
Shan;5;;;
Shannon;5;;;
Sherko;5;;;
Shimon;5;;;
Shlomo;5;;;
Shoaib;5;;;
Shpetim;5;;;
Siddharth;5;;;
Silmu;5;;;
Simo-Sakari;5;;;
Simo-Ville;5;;;
Siraj;5;;;
Siro;5;;;
Sisu-Petteri;5;;;
Siu;5;;;
Sivan;5;;;
Sivert;5;;;
Slim;5;;;
Sobhan;5;;;
Spiridon;5;;;
Spiros;5;;;
Stelios;5;;;
Stewart;5;;;
Stig-Henrik;5;;;
Suheb;5;;;
Sujan;5;;;
Sulejman;5;;;
Suliman;5;;;
Susi;5;;;
Svein;5;;;
Sviatoslav;5;;;
Sylejman;5;;;
Sysi;5;;;
Ta;5;;;
Tahar;5;;;
Tahmid;5;;;
Tahsin;5;;;
Taiga;5;;;
Tal;5;;;
Talib;5;;;
Tawan;5;;;
Tayyab;5;;;
Teddie;5;;;
Teemu-Eemeli;5;;;
Teemu-Oskari;5;;;
Teemu-Santeri;5;;;
Teemu-Tapani;5;;;
Teho;5;;;
Teini;5;;;
Tepi;5;;;
Tero-Antti;5;;;
Tero-Heikki;5;;;
Tero-Juhani;5;;;
Tero-Markus;5;;;
Tero-Petri;5;;;
Terri;5;;;
Thaer;5;;;
Thom;5;;;
Tiam;5;;;
Timo-Markus;5;;;
Timo-Olli;5;;;
Timopekka;5;;;
Tintti;5;;;
Tobi;5;;;
Toivo-Olavi;5;;;
Toivo-Pekka;5;;;
Tom-Christian;5;;;
Tome;5;;;
Tomi-Heikki;5;;;
Tomi-Jukka;5;;;
Tomislav;5;;;
Tommi-Tapio;5;;;
Toni-Erik;5;;;
Tõnis;5;;;
Topi-Antti;5;;;
Topi-Oskari;5;;;
Topi-Valtteri;5;;;
Tor-Gunnar;5;;;
Trey;5;;;
Trim;5;;;
Truls;5;;;
Tuna;5;;;
Tunna;5;;;
Tuomas-Petteri;5;;;
Turja;5;;;
Tuuka;5;;;
Tuukka-Matias;5;;;
Tuukka-Pekka;5;;;
Uday;5;;;
Uffe;5;;;
Ui;5;;;
Ukko-Veikko;5;;;
Ulf-Johan;5;;;
Umair;5;;;
Umed;5;;;
Unai;5;;;
Urmo;5;;;
Urs;5;;;
Usaama;5;;;
Usva;5;;;
Utti;5;;;
Uuri;5;;;
Uyi;5;;;
Vahur;5;;;
Valdet;5;;;
Valerio;5;;;
Valtari;5;;;
Vante;5;;;
Vasco;5;;;
Vasile;5;;;
Vedad;5;;;
Veera;5;;;
Veeti-Waltteri;5;;;
Veikka-Pekka;5;;;
Veikko-Pekka;5;;;
Velho;5;;;
Veli-Juha;5;;;
Veli-Viljami;5;;;
Veljo;5;;;
Venno;5;;;
Verno;5;;;
Vernon;5;;;
Vesku;5;;;
Veysel;5;;;
Veysi;5;;;
Vicktor;5;;;
Viku;5;;;
Vilho-Valtteri;5;;;
Viljar;5;;;
Vilkka;5;;;
Villem;5;;;
Ville-Paavo;5;;;
Ville-Väinö;5;;;
Vilmos;5;;;
Vilson;5;;;
Vimme;5;;;
Vinny;5;;;
Vinod;5;;;
Väinö-Viljami;5;;;
Wahab;5;;;
Waqar;5;;;
Waseem;5;;;
Wenzel;5;;;
Wille-Veikko;5;;;
Xhafer;5;;;
Y;5;;;
Yad;5;;;
Yakov;5;;;
Yanis;5;;;
Yari;5;;;
Yaron;5;;;
Yaw;5;;;
Yehonatan;5;;;
Yi;5;;;
Ying;5;;;
Yiu;5;;;
Yoda;5;;;
Yones;5;;;
Yosuf;5;;;
Younas;5;;;
Yücel;5;;;
Zafar;5;;;
Zaher;5;;;
Zan;5;;;
Zheng;5;;;
Zhi;5;;;
Zidan;5;;;
Zimi;5;;;
Ziya;5;;;
Zlatan;5;;;
Zlatko;5;;;
Ämir;5;;;
Änäs;5;;;